timestamp,consumption_W,pv_W,bat_W,gen_W,soc_pct,emax_Wh
2023-01-01 00:00:00+03:00,931.9677440520232,0.0,931.9677439925287,0.0,70.0,6859.01152876826
2023-01-01 00:15:00+03:00,787.5400804238914,0.0,-227.50538040307947,1015.0454608269686,70.74718425025111,6858.925669131844
2023-01-01 00:30:00+03:00,1137.535787877321,0.0,0.0,1137.5357879342487,70.74806987070104,6858.839809495427
2023-01-01 00:45:00+03:00,781.3211044078805,0.0,-484.57548447355293,1265.8965888814334,72.3385953340668,6858.75394985901
2023-01-01 01:00:00+03:00,1165.7503070929504,0.0,1165.75030709295,0.0,67.34583262885157,6858.1207582974885
2023-01-01 01:15:00+03:00,1845.6379723425823,0.0,607.3314949524811,1238.3064773901017,64.74473083482835,6857.7497501912085
2023-01-01 01:30:00+03:00,1591.8233468207452,0.0,0.0,1591.823346788731,64.7455414547622,6857.663890554792
2023-01-01 01:45:00+03:00,1048.226364989736,0.0,1048.2263649897368,0.0,60.25489280311741,6857.085877709575
2023-01-01 02:00:00+03:00,1055.9889822014616,0.0,-754.6075304826277,1810.5965126840892,62.73175482065901,6857.000018073158
2023-01-01 02:15:00+03:00,1233.3154778098192,0.0,-1751.7411513680709,2985.0566291778878,68.48063268621323,6856.914158436741
2023-01-01 02:30:00+03:00,1418.3488303424742,0.0,0.0,1418.3488303431734,68.48149018504265,6856.828298800325
2023-01-01 02:45:00+03:00,1313.3940635288232,0.0,-296.9037910968907,1610.2978546257139,69.45662016182852,6856.742439163908
2023-01-01 03:00:00+03:00,2028.8046124493792,0.0,0.0,2028.8046125010671,69.45748990369871,6856.656579527491
2023-01-01 03:15:00+03:00,2484.0826073147696,0.0,0.0,2484.082607360753,69.45835966733243,6856.570719891075
2023-01-01 03:30:00+03:00,2137.826663410573,0.0,-1062.173336589427,3200.0,72.94482018317778,6856.484860254658
2023-01-01 03:45:00+03:00,2371.986849459967,0.0,-28.013150540033166,2400.0,73.0376617612179,6856.399000618241
2023-01-01 04:00:00+03:00,11322.941953215484,0.0,7322.941953215484,4000.0,41.64598183718915,6852.874943374409
2023-01-01 04:15:00+03:00,14203.422400040943,0.0,0.0,0.0,41.64650362602798,6852.789083737992
2023-01-01 04:30:00+03:00,14238.337762211508,0.0,0.0,0.0,41.64702542794211,6852.703224101576
2023-01-01 04:45:00+03:00,14854.592171062157,0.0,0.0,0.0,41.64754724293205,6852.617364465159
2023-01-01 05:00:00+03:00,5555.857268226856,0.0,1555.857268226856,4000.0,34.97389913382134,6851.801013617523
2023-01-01 05:15:00+03:00,2333.7275530059474,23.21296875,-89.48541574766159,2400.0,35.268194015507206,6851.715153981106
2023-01-01 05:30:00+03:00,1739.8344183238553,46.411874999999995,-706.5774566761447,2400.0,37.58895893235014,6851.629294344689
2023-01-01 05:45:00+03:00,1088.4279133640475,194.551875,893.8760383640481,0.0,33.75433707913909,6851.123750587319
2023-01-01 06:00:00+03:00,1217.1510563745385,342.11587499999996,875.0351813745374,0.0,29.999999999999996,6850.627052808769
2023-01-01 06:15:00+03:00,489.4001681149141,3831.55621875,-3342.1560506350816,0.0,40.97739358217883,6850.541193172352
2023-01-01 06:30:00+03:00,1139.9090533113313,6963.691500000001,-5823.78244668867,0.0,60.10584811178048,6850.455333535936
2023-01-01 06:45:00+03:00,815.5245003247205,6669.84121875,-5854.316718424784,0.0,79.33508930666362,6850.367960611306
2023-01-01 07:00:00+03:00,781.6835252254612,983.8066499522027,-202.12312472674157,0.0,80.00000000000001,6850.2790530619595
2023-01-01 07:15:00+03:00,1369.8426095405025,1369.8426095405025,0.0,0.0,80.00103830752091,6850.190145512613
2023-01-01 07:30:00+03:00,1514.6178203099232,1514.6178203099232,0.0,0.0,80.00207664199425,6850.101237963266
2023-01-01 07:45:00+03:00,913.1761658015869,5060.400468767129,-4147.224302965542,0.0,93.62538136054665,6850.010774235814
2023-01-01 08:00:00+03:00,1166.2433297718303,2804.8539917583457,-1638.6106619865152,0.0,99.0090010459191,6849.91873255883
2023-01-01 08:15:00+03:00,9179.226134189408,4050.115875,1929.1102591894087,3200.0,90.73491163554826,6849.23876288779
2023-01-01 08:30:00+03:00,7179.663054183154,3417.388875,1362.2741791389158,2400.0,84.8909743686839,6848.763259267515
2023-01-01 08:45:00+03:00,1618.8812136786228,3357.8254687500157,-1738.944255071393,0.0,90.60517059883439,6848.664683677025
2023-01-01 09:00:00+03:00,1973.920964750578,3298.5900000000174,-1324.6690352494393,0.0,94.95853558894142,6848.562704747701
2023-01-01 09:15:00+03:00,2057.4505412021304,2860.488000055313,-803.0374588531827,0.0,97.59828148253138,6848.458989267257
2023-01-01 09:30:00+03:00,1688.0941216178387,2418.1740000000136,-730.0798783821749,0.0,99.99843379168844,6848.353513678706
2023-01-01 09:45:00+03:00,14293.464587564875,0.0,0.0,0.0,99.99999999999895,6848.246254196771
2023-01-01 10:00:00+03:00,11602.632641562608,1356.172875,6246.459766562586,4000.0,73.18591263389325,6847.017444839549
2023-01-01 10:15:00+03:00,13150.328161874824,879.1309687500001,0.0,0.0,73.18707844421765,6846.9083774495375
2023-01-01 10:30:00+03:00,2161.8317943580446,395.406,628.1995882524582,1138.226206083002,70.49084955565755,6846.686698841486
2023-01-01 10:45:00+03:00,2606.165237290611,198.2475,430.42079303738547,1977.496944236811,68.64372955651834,6846.50047411059
2023-01-01 11:00:00+03:00,2498.995725645318,0.0,0.0,2498.9957256594043,68.64482309504038,6846.39140672058
2023-01-01 11:15:00+03:00,2029.1632282292276,0.0,-1170.8367717707697,3200.0,72.4938386322724,6846.280507177273
2023-01-01 11:30:00+03:00,1915.7447365671196,0.0,-1240.601720985092,3156.3464575522116,76.57228278753199,6846.167751003813
2023-01-01 11:45:00+03:00,1460.073785297426,0.0,1460.073785297427,0.0,70.30349496487744,6845.795456609841
2023-01-01 12:00:00+03:00,1170.7564924483218,0.0,0.0,1170.756492401523,70.30461505966642,6845.686389219829
2023-01-01 12:15:00+03:00,1538.4495989515808,0.0,1538.4495989515808,0.0,63.698410700416694,6845.30153896324
2023-01-01 12:30:00+03:00,943.4227378518292,0.0,-656.5772621481713,1600.0,65.85758093253435,6845.192471573228
2023-01-01 12:45:00+03:00,1398.8942273621724,0.0,-1011.3490548100635,2410.243282172234,69.18296578230556,6845.083404183217
2023-01-01 13:00:00+03:00,1205.5412348333546,0.0,1205.5412348162415,0.0,64.00607019138403,6844.758231164694
2023-01-01 13:15:00+03:00,1518.4955353812377,0.0,0.0,1518.4955353892703,64.00709010855353,6844.649163774682
2023-01-01 13:30:00+03:00,2149.2221740688346,0.0,0.0,2149.2221740896725,64.00811005826978,6844.5400963846705
2023-01-01 13:45:00+03:00,1263.0040572908915,0.0,-1143.1577820746206,2406.161839365512,67.76708303720588,6844.431028994659
2023-01-01 14:00:00+03:00,1535.0121155753043,0.0,648.4680673002102,886.5440482530913,64.98263700072461,6844.205717053896
2023-01-01 14:15:00+03:00,1086.6564293206234,0.0,1086.6564293206238,0.0,60.31560083393704,6843.901855355857
2023-01-01 14:30:00+03:00,3488.936030251882,0.0,0.0,3488.9360302355835,60.31656206479206,6843.792787965846
2023-01-01 14:45:00+03:00,2369.7922099143525,0.0,439.7921796250123,1930.0000302893402,58.428123067421595,6843.6048833178065
2023-01-01 15:00:00+03:00,2783.3123136328422,0.0,-416.6876863671605,3200.0,59.79903726076585,6843.495815927795
2023-01-01 15:15:00+03:00,2740.3194344734043,0.0,-498.09697455582864,3238.4164090292343,61.43765633411011,6843.386748537784
2023-01-01 15:30:00+03:00,2748.31064802528,0.0,-1251.689351974721,4000.0,65.55406262021764,6843.2776811477725
2023-01-01 15:45:00+03:00,12911.447911987156,0.0,0.0,0.0,65.5551074301468,6843.168613757761
2023-01-01 16:00:00+03:00,15585.692890956157,0.0,0.0,0.0,65.55615227338116,6843.059546367749
2023-01-01 16:15:00+03:00,6862.376127410994,0.0,2862.376127410994,4000.0,53.258378680246935,6842.4373687047855
2023-01-01 16:30:00+03:00,6531.554955063435,0.0,2531.554955063435,4000.0,42.380143343584315,6841.874494129357
2023-01-01 16:45:00+03:00,11299.77099606043,0.0,0.0,0.0,42.38080774388667,6841.767234647422
2023-01-01 17:00:00+03:00,15116.811881944519,0.0,0.0,0.0,42.38146111448543,6841.661759058871
2023-01-01 17:15:00+03:00,6220.496890115172,0.0,2220.4968901151724,4000.0,32.83830923784706,6841.1223035468665
2023-01-01 17:30:00+03:00,2235.9110493755443,0.0,-926.6589611362283,3162.5700105117726,35.886564388638156,6841.020324617542
2023-01-01 17:45:00+03:00,1168.1020530960982,0.0,-1207.4494377841575,2375.5514908802556,39.858429329018946,6840.920058909523
2023-01-01 18:00:00+03:00,1030.089576475921,0.0,-1306.4185701678634,2336.5081466437837,44.15591713346909,6840.821483319032
2023-01-01 18:15:00+03:00,810.9123791302816,0.0,810.9123791302816,0.0,40.67125600889796,6840.5161224761905
2023-01-01 18:30:00+03:00,1286.7279320107784,0.0,-1135.3729494957195,2422.100881506498,44.40637207682754,6840.420858707937
2023-01-01 18:45:00+03:00,910.9844980167289,0.0,910.98449801673,0.0,40.49160437953264,6840.050335162817
2023-01-01 19:00:00+03:00,1041.935107765317,0.0,1041.9351077653182,0.0,36.01365548118424,6839.612879836739
2023-01-01 19:15:00+03:00,1692.6137656371986,0.0,0.0,1692.6137656774786,36.014140128899996,6839.520838159756
2023-01-01 19:30:00+03:00,2083.5976430768133,0.0,-1097.2418327190694,3180.8394757958827,39.624274362730944,6839.428796482772
2023-01-01 19:45:00+03:00,910.6434130256503,0.0,-1496.069251231047,2406.7126642566973,44.54655500953329,6839.33833275532
2023-01-01 20:00:00+03:00,1730.733388266378,0.0,-1062.725933163967,2793.459321392509,48.04332673613351,6839.249425205973
2023-01-01 20:15:00+03:00,2022.9039342288615,0.0,527.6899606737247,1495.2139735440774,45.776019069743015,6838.952101254651
2023-01-01 20:30:00+03:00,14785.517906075385,0.0,0.0,0.0,45.77661417357227,6838.863193705304
2023-01-01 20:45:00+03:00,14095.01990163021,0.0,0.0,0.0,45.777199020446155,6838.775820780675
2023-01-01 21:00:00+03:00,14485.640567441815,0.0,0.0,0.0,45.777773752403064,6838.689961144259
2023-01-01 21:15:00+03:00,14852.096215606995,0.0,0.0,0.0,45.77834849879166,6838.604101507842
2023-01-01 21:30:00+03:00,6380.944785875187,0.0,2380.9447858751873,4000.0,35.54453462792396,6837.400363467023
2023-01-01 21:45:00+03:00,3495.9658626254272,0.0,-504.03413737457413,4000.0,37.20363922599274,6837.314503830607
2023-01-01 22:00:00+03:00,4233.87311429919,0.0,233.8731142513352,4000.0,36.198633798835886,6837.118838328324
2023-01-01 22:15:00+03:00,3575.732528623625,0.0,0.0,3575.7325286804344,36.19908838239934,6837.032978691908
2023-01-01 22:30:00+03:00,2243.5783152041595,0.0,465.3300293343741,1778.248285816351,34.19883923836456,6836.728641754465
2023-01-01 22:45:00+03:00,2864.889240482292,176.065875,0.0,2688.823365482295,34.199268732781114,6836.642782118048
2023-01-01 23:00:00+03:00,3350.1426669194047,351.3195,265.34383590460357,2733.479330998736,33.05875667336598,6836.4323407837865
2023-01-01 23:15:00+03:00,2654.2923264389974,598.9668750000001,-344.67454856100267,2400.0,34.193575655529216,6836.34648114737
2023-01-01 23:30:00+03:00,1760.3193370618042,844.9739999999999,915.3453370618042,0.0,30.257800880259307,6835.830857330388
2023-01-01 23:45:00+03:00,1029.2964419401217,969.26146875,60.03497319012172,0.0,30.0,6835.715814221446
2023-01-02 00:00:00+03:00,1113.1389510910506,1093.624875,0.0846020146441333,19.429474076393838,30.0000000001222,6835.63287104199
2023-01-02 00:15:00+03:00,952.6429781754725,1615.102875,-662.4598968240898,0.0,32.18092686330958,6835.5499748342
2023-01-02 00:30:00+03:00,1155.02261769147,2129.011875,-973.9892573080724,0.0,35.38735382932695,6835.4670786264105
2023-01-02 00:45:00+03:00,1512.7735179914778,3206.582718750007,-1693.8092007585296,0.0,40.963286282770554,6835.38418241862
2023-01-02 01:00:00+03:00,1222.9497399253319,4249.278,-3026.328260074254,0.0,50.92565351450253,6835.301286210831
2023-01-02 01:15:00+03:00,1560.971116798629,4872.671718750008,-3311.7006019513788,0.0,61.82764388783842,6835.21839000304
2023-01-02 01:30:00+03:00,1573.8531787426195,5482.897875,-3909.044696256985,0.0,74.69624481357624,6835.135493795251
2023-01-02 01:45:00+03:00,1030.854571845019,4299.428518158602,-3268.5739463135833,0.0,85.45680309991812,6835.054048155819
2023-01-02 02:00:00+03:00,1899.9123776969177,1899.9123776969177,0.0,0.0,85.45780352409143,6834.974032604124
2023-01-02 02:15:00+03:00,1815.864484892856,1815.864484892856,0.0,0.0,85.45880397168852,6834.894017052427
2023-01-02 02:30:00+03:00,3113.630846900618,6986.293875000023,-3872.663028099405,0.0,98.20849345064872,6834.814001500731
2023-01-02 02:45:00+03:00,2618.3593526361287,2618.3593526361287,0.0,0.0,98.20964319646191,6834.733985949035
2023-01-02 03:00:00+03:00,7109.853739566201,7534.744875052658,-424.89113548645787,0.0,99.6095544265942,6834.653970397339
2023-01-02 03:15:00+03:00,6147.0632483769805,6147.0632483769805,0.0,0.0,99.61072060220432,6834.573954845643
2023-01-02 03:30:00+03:00,2902.34773914763,2902.34773914763,0.0,0.0,99.61188680512068,6834.493939293947
2023-01-02 03:45:00+03:00,7950.042421068363,8067.571875033682,-117.52945396531874,0.0,100.0,6834.412493654516
2023-01-02 04:00:00+03:00,15198.646237647063,8184.8475,7013.798737647063,0.0,69.85690038218779,6830.435484380963
2023-01-02 04:15:00+03:00,14666.935113611647,8248.462874999997,6418.47223861165,0.0,42.24159494948109,6826.789004793964
2023-01-02 04:30:00+03:00,8445.595919496116,8311.896,133.69991949608084,0.0,41.66653636537049,6826.631877399497
2023-01-02 04:45:00+03:00,2983.112664510842,8330.184000000032,-5347.0713354891905,0.0,59.29073760857205,6826.550431760066
2023-01-02 05:00:00+03:00,3130.3750611110836,8348.472000042868,-5218.096938931785,0.0,76.49024454970952,6826.47041620837
2023-01-02 05:15:00+03:00,2052.0818616107713,8245.35,-6193.268138393214,0.0,96.90437030661177,6826.388970568939
2023-01-02 05:30:00+03:00,1878.033827994688,2812.531128534401,-934.497300539713,0.0,99.9857179692902,6826.306074361149
2023-01-02 05:45:00+03:00,1308.8111602210472,1308.8111602210472,0.0,0.0,99.98697558142717,6826.220214724733
2023-01-02 06:00:00+03:00,914.5397116791411,914.5397116791411,0.0,0.0,99.98827787061053,6826.131307175386
2023-01-02 06:15:00+03:00,1399.9440913404692,1399.9440913404692,0.0,0.0,99.9895801937179,6826.042399626039
2023-01-02 06:30:00+03:00,1238.8739538556185,1238.8739538556185,0.0,0.0,99.9908825507506,6825.953492076692
2023-01-02 06:45:00+03:00,698.1184426627508,698.1184426627508,0.0,0.0,99.99218494170994,6825.864584527345
2023-01-02 07:00:00+03:00,983.3456855897433,983.3456855897433,0.0,0.0,99.99348736659726,6825.775676977998
2023-01-02 07:15:00+03:00,1661.286864575735,1661.286864575735,0.0,0.0,99.9947898254139,6825.686769428651
2023-01-02 07:30:00+03:00,1294.761323630764,1294.761323630764,0.0,0.0,99.99609231816116,6825.597861879304
2023-01-02 07:45:00+03:00,606.4561426399944,606.4561426399944,0.0,0.0,99.99739484484039,6825.508954329957
2023-01-02 08:00:00+03:00,1329.7236250081644,1329.7236250081644,0.0,0.0,99.99869740545289,6825.42004678061
2023-01-02 08:15:00+03:00,1326.9389111765017,1326.9389111765017,0.0,0.0,100.0,6825.3311392312635
2023-01-02 08:30:00+03:00,3051.6927704645204,2579.8668749999997,471.8258954484554,0.0,97.9707556281402,6825.055879348508
2023-01-02 08:45:00+03:00,6810.552414665272,2050.974,759.57841466402,4000.0,94.7028394288379,6824.666968744336
2023-01-02 09:00:00+03:00,8324.177734455217,1513.708875,2810.4688594166837,4000.0,82.60528049750395,6823.468038546851
2023-01-02 09:15:00+03:00,14140.97829432768,0.0,0.0,0.0,82.60635683123043,6823.379130997505
2023-01-02 09:30:00+03:00,14893.971668997783,541.951875,0.0,0.0,82.60743319300104,6823.290223448158
2023-01-02 09:45:00+03:00,15440.231783746796,391.17796875,0.0,0.0,82.60850958282204,6823.201315898811
2023-01-02 10:00:00+03:00,3339.700869529072,239.7915,-65.8249033302186,3165.7342728592907,82.82665121027797,6823.112408349464
2023-01-02 10:15:00+03:00,3768.9313326210504,152.35171870605637,-383.4203861301283,4000.0,84.09211989897514,6823.023500800117
2023-01-02 10:30:00+03:00,3015.2030760132975,64.70887500002368,-1049.5057989867262,4000.0,87.5541722722849,6822.93459325077
2023-01-02 10:45:00+03:00,2859.2745193590126,32.30521875002273,-1173.030699391011,4000.0,91.4236892525768,6822.844129523319
2023-01-02 11:00:00+03:00,2700.0046589563567,0.0,0.0,2700.0046589756817,91.42492259507574,6822.752087846335
2023-01-02 11:15:00+03:00,2645.4804160486847,0.0,353.08909623785576,2292.391319800468,89.90556874850944,6822.542993012895
2023-01-02 11:30:00+03:00,2122.705077704835,0.0,-1877.2949222951652,4000.0,96.09797835501405,6822.450951335911
2023-01-02 11:45:00+03:00,1131.1130537943966,0.0,0.0,1131.113053790555,96.09929736685821,6822.3573097187755
2023-01-02 12:00:00+03:00,942.3236254066721,0.0,-657.676374593324,1600.0,98.26967327880845,6822.262045950522
2023-01-02 12:15:00+03:00,1103.9281222952122,0.0,0.0,1103.928122308833,98.27104550261754,6822.166782182269
2023-01-02 12:30:00+03:00,753.5572822713145,0.0,0.0,753.5572822145004,98.27241776451794,6822.071518414016
2023-01-02 12:45:00+03:00,1153.6402224114618,0.0,1153.6402223931846,0.0,93.30447487788871,6821.654248992155
2023-01-02 13:00:00+03:00,623.376314038268,0.0,-176.62368596173474,800.0,93.88834749097292,6821.558985223902
2023-01-02 13:15:00+03:00,1240.2448653062986,0.0,1240.2448653062988,0.0,88.54665038495699,6821.117542594392
2023-01-02 13:30:00+03:00,1657.1243812420519,0.0,644.6539428060353,1012.4704384360166,85.77044752714261,6820.842342126486
2023-01-02 13:45:00+03:00,749.6175481773664,0.0,749.6175481773671,0.0,82.54174936353304,6820.537844071952
2023-01-02 14:00:00+03:00,657.9657451218771,0.0,-1742.034254878124,2400.0,88.2897097797755,6820.442580303699
2023-01-02 14:15:00+03:00,4390.618295916669,0.0,390.618295916669,4000.0,86.60784238791483,6820.238286616719
2023-01-02 14:30:00+03:00,1609.2249810858311,0.0,0.0,1609.2249811025945,86.60905212644606,6820.143022848466
2023-01-02 14:45:00+03:00,1798.2399744996935,0.0,-1191.06043702294,2989.300411522634,90.53968597017474,6820.047759080213
2023-01-02 15:00:00+03:00,9234.672789188326,0.0,5234.672789161072,4000.0,67.98043610633387,6818.491386206901
2023-01-02 15:15:00+03:00,11274.812291039309,0.0,0.0,0.0,67.98138590044786,6818.396122438648
2023-01-02 15:30:00+03:00,1687.5510689411597,0.0,-739.4974112365524,2427.048480177712,70.42263457234355,6818.3008586703945
2023-01-02 15:45:00+03:00,2253.9510596995356,0.0,-946.0489403004644,3200.0,73.5455691312868,6818.2055949021415
2023-01-02 16:00:00+03:00,2087.5102810628123,0.0,-1912.4897189372268,4000.0,79.85787896699225,6818.110331133888
2023-01-02 16:15:00+03:00,8625.263870446743,0.0,4625.263870416227,4000.0,59.91872836932202,6816.610900526196
2023-01-02 16:30:00+03:00,13838.356582421304,0.0,0.0,0.0,59.91953743628949,6816.518858849212
2023-01-02 16:45:00+03:00,10656.0370481354,0.0,0.0,0.0,59.920346525107576,6816.426817172229
2023-01-02 17:00:00+03:00,2768.112202502344,0.0,0.0,2768.1122024799943,59.92115563577501,6816.334775495245
2023-01-02 17:15:00+03:00,2149.262032201941,0.0,-250.7379677980589,2400.0,60.74962138733252,6816.244311767793
2023-01-02 17:30:00+03:00,1455.86822211782,0.0,0.0,1455.8682221186352,60.75041378416906,6816.155404218446
2023-01-02 17:45:00+03:00,852.9595064823399,0.0,0.0,852.9595064534608,60.751192523561116,6816.0680312938175
2023-01-02 18:00:00+03:00,1198.1646860067056,0.0,-1201.8353139932944,2400.0,64.71929425255587,6815.982171657401
2023-01-02 18:15:00+03:00,1277.354142128072,0.0,-1122.645857871928,2400.0,68.42608312090071,6815.896312020984
2023-01-02 18:30:00+03:00,909.2244488981049,0.0,0.0,909.2244488773748,68.42694509295711,6815.810452384568
2023-01-02 18:45:00+03:00,521.3138643034922,0.0,0.0,521.3138642571517,68.427792105894,6815.726084915578
2023-01-02 19:00:00+03:00,874.5926036601027,0.0,-1794.366359569678,2668.9589632297793,74.35223890816951,6815.643188707789
2023-01-02 19:15:00+03:00,1151.2109452126372,0.0,0.0,1151.2109451771307,74.35314323849349,6815.560292499998
2023-01-02 19:30:00+03:00,1958.996406961901,0.0,-1078.5423974464343,3037.538804408335,77.91464981019186,6815.477396292208
2023-01-02 19:45:00+03:00,7507.782655796032,0.0,3507.782655757368,4000.0,62.795741928164546,6813.446953144083
2023-01-02 20:00:00+03:00,2206.8446556738245,0.0,-1793.1553443261755,4000.0,68.71810281171824,6813.364056936292
2023-01-02 20:15:00+03:00,737.7091516164559,0.0,-3262.2908483932356,4000.0,79.49224214741658,6813.281160728503
2023-01-02 20:30:00+03:00,7771.424854135815,0.0,3771.424854112749,4000.0,63.23185108313717,6811.104341476968
2023-01-02 20:45:00+03:00,13382.522528184261,0.0,0.0,0.0,63.23262067118038,6811.021445269179
2023-01-02 21:00:00+03:00,3670.484053118024,0.0,-329.51594689839067,4000.0,64.32194932922539,6810.938549061389
2023-01-02 21:15:00+03:00,2510.156433865693,0.0,-1489.843566134307,4000.0,69.2445044372098,6810.855652853599
2023-01-02 21:30:00+03:00,6132.739671865741,0.0,2132.739671865741,4000.0,60.04572500010399,6809.5886437659365
2023-01-02 21:45:00+03:00,1982.858709407551,0.0,-2017.1412906400076,4000.0,66.7114892296148,6809.507198126505
2023-01-02 22:00:00+03:00,1998.3581794302572,0.0,-1201.6418205890695,3200.0,70.68278933971361,6809.427182574809
2023-01-02 22:15:00+03:00,2258.2261409081943,9.358875000000001,-1751.1327341613278,4000.0,76.46985545257884,6809.347167023113
2023-01-02 22:30:00+03:00,10065.471018936467,18.7155,6046.755518936467,4000.0,50.38173619394624,6805.324090298571
2023-01-02 22:45:00+03:00,5902.828545966728,303.01171875,1599.8168272167277,4000.0,43.47470244078132,6804.200841628666
2023-01-02 23:00:00+03:00,2761.3314601203474,585.214875,2176.1165851203473,0.0,34.07575182620845,6802.701790564867
2023-01-02 23:15:00+03:00,1740.1179424321454,965.8347187500001,774.2832236821453,0.0,30.730748385065837,6802.11686852133
2023-01-02 23:30:00+03:00,1511.775275445008,1342.5794999999998,169.1957754450068,0.0,29.999999999999996,6801.926521190769
2023-01-02 23:45:00+03:00,904.2115620801513,1785.19021875,-880.9786566693801,0.0,32.914585541842264,6801.842153721779
2023-01-03 00:00:00+03:00,741.7526020427451,2216.608875,-1474.856272956822,0.0,37.793797017992524,6801.753246172432
2023-01-03 00:15:00+03:00,896.7050328365871,2725.7715,-1829.0664671630348,0.0,43.84486828761261,6801.664338623085
2023-01-03 00:30:00+03:00,1333.8332486252345,3227.1018750000067,-1893.2686263747723,0.0,50.10848216133213,6801.575431073738
2023-01-03 00:45:00+03:00,750.329436871396,3770.3475,-3020.018063128604,0.0,60.09966000278011,6801.4865235243915
2023-01-03 01:00:00+03:00,1155.3507779449883,4304.0868750382,-3148.7360970932114,0.0,70.51691679301226,6801.397615975045
2023-01-03 01:15:00+03:00,1212.96234598466,4962.2847187500165,-3749.3223727653567,0.0,82.92127884114579,6801.310243050416
2023-01-03 01:30:00+03:00,1612.5568569711513,5608.8,-3996.243143047146,0.0,96.14280855992784,6801.224383413999
2023-01-03 01:45:00+03:00,985.337955857392,985.337955857392,0.0,0.0,96.14402229591603,6801.138523777583
2023-01-03 02:00:00+03:00,4085.464429338187,4085.464429338187,0.0,0.0,96.14523606254976,6801.052664141166
2023-01-03 02:15:00+03:00,8091.580213591798,6710.4,1381.1802135917696,0.0,90.18193516987033,6800.318325992136
2023-01-03 02:30:00+03:00,2847.4292803701346,5814.423957102043,-2966.9946767319075,0.0,100.0,6800.232466355719
2023-01-03 02:45:00+03:00,8578.274361862821,6926.605874999999,1651.6684868628217,0.0,92.86811229287902,6799.371131141858
2023-01-03 03:00:00+03:00,15184.45980049688,6822.466874999999,6302.565381192886,2059.427544303995,65.63475350648037,6796.326151338624
2023-01-03 03:15:00+03:00,14694.391808965502,7386.133218749999,3308.2585902155024,4000.0,51.33032131158246,6794.687029797053
2023-01-03 03:30:00+03:00,12866.797793308911,7936.6320000000005,4930.165793308911,0.0,29.999999999999996,6792.2864059111025
2023-01-03 03:45:00+03:00,2992.215003041463,7783.24696875,-4791.031965708127,0.0,45.871262087019915,6792.200546274686
2023-01-03 04:00:00+03:00,3874.8306080177313,7628.821875,-3753.9912669822684,0.0,58.30755709881591,6792.114686638269
2023-01-03 04:15:00+03:00,4075.8938169053854,6788.89996875,-2713.0061518446146,0.0,67.29568807368169,6792.028827001853
2023-01-03 04:30:00+03:00,2084.760708450487,5919.48,-3834.7192915495125,0.0,80.0,6791.942967365436
2023-01-03 04:45:00+03:00,2967.6103178388526,2967.610317838832,0.0,0.0,80.0010113244145,6791.857107729019
2023-01-03 05:00:00+03:00,4096.867834870512,4096.867834870512,0.0,0.0,80.00202267439883,6791.771248092603
2023-01-03 05:15:00+03:00,3495.7406566790164,3495.7406566790164,0.0,0.0,80.00303404995387,6791.685388456186
2023-01-03 05:30:00+03:00,1957.4908748275357,1957.4908748275357,0.0,0.0,80.0040454510806,6791.599528819769
2023-01-03 05:45:00+03:00,1380.0030007980358,1380.0030007980358,0.0,0.0,80.00507470454768,6791.5121558951405
2023-01-03 06:00:00+03:00,878.6241852375938,878.6241852375774,0.0,0.0,80.00612206308607,6791.423248345794
2023-01-03 06:15:00+03:00,1193.1210262727373,1193.1210262727373,0.0,0.0,80.00716944904713,6791.334340796447
2023-01-03 06:30:00+03:00,1293.9639378339666,1293.9639378339666,0.0,0.0,80.00821686243188,6791.2454332471
2023-01-03 06:45:00+03:00,1073.490285410004,4043.7859868652886,-2970.2957014552844,0.0,89.85024691494424,6791.156525697753
2023-01-03 07:00:00+03:00,711.7917458018078,711.7917458018078,0.0,0.0,89.85142321971848,6791.067618148406
2023-01-03 07:15:00+03:00,1878.076438768574,4939.98750001562,-3061.911061247046,0.0,99.99738159834875,6790.978710599059
2023-01-03 07:30:00+03:00,2307.0378795395313,2307.0378795395313,0.0,0.0,99.99869078203407,6790.889803049712
2023-01-03 07:45:00+03:00,644.622944487008,644.622944487008,0.0,0.0,100.0,6790.800895500365
2023-01-03 08:00:00+03:00,5456.216091559238,5114.574000000033,341.64209155920435,0.0,98.52355514370397,6790.577053006652
2023-01-03 08:15:00+03:00,7637.740773590918,4730.389875,-292.6491014090816,3200.0,99.49454853321367,6790.4865892792
2023-01-03 08:30:00+03:00,14799.349637641888,0.0,0.0,0.0,99.49589715073898,6790.394547602216
2023-01-03 08:45:00+03:00,10566.109566196832,3725.983968764459,2840.125597432372,4000.0,87.20751396648734,6789.360971141364
2023-01-03 09:00:00+03:00,3040.562943407635,3096.214875,-55.651931592365145,0.0,87.39312970799821,6789.268929464381
2023-01-03 09:15:00+03:00,2816.928942077354,2663.55,-113.19908523870373,266.57802731605744,87.7694674099488,6789.1768877873965
2023-01-03 09:30:00+03:00,2387.5157550831764,2225.0328750000017,162.48288008317468,0.0,87.06743760596315,6789.030981139258
2023-01-03 09:45:00+03:00,3973.6882272455887,1557.5838749999998,-993.4287126962145,3409.5330648919776,90.36107518914581,6788.937339522122
2023-01-03 10:00:00+03:00,6120.538274203396,879.8748750000132,1240.663399203383,4000.0,84.99166768405445,6788.495780070853
2023-01-03 10:15:00+03:00,9413.04086278004,578.3937187500001,4834.647144011862,4000.0,64.05875971005649,6787.051062908589
2023-01-03 10:30:00+03:00,11990.125185429188,274.38750000000005,0.0,0.0,64.05965885821956,6786.955799140336
2023-01-03 10:45:00+03:00,4124.1996317862595,137.176875,3.991410548374006,3983.0313462143695,64.0432859228947,6786.8578647596905
2023-01-03 11:00:00+03:00,3789.5625060264447,0.0,0.0,3789.5625059737094,64.04421613191757,6786.7592891692
2023-01-03 11:15:00+03:00,3242.735495139127,0.0,-757.2645049252028,4000.0,66.55572588267566,6786.660713578709
2023-01-03 11:30:00+03:00,2311.9901697214063,0.0,-870.6168454753642,3182.60701519677,69.44311413533576,6786.562137988219
2023-01-03 11:45:00+03:00,1382.169960568476,0.0,0.0,1382.1699605193487,69.44412281915444,6786.463562397728
2023-01-03 12:00:00+03:00,1293.5149978344753,0.0,0.0,1293.5149978294692,69.44513153225986,6786.364986807238
2023-01-03 12:15:00+03:00,1579.5531304006483,0.0,-2420.446869599352,4000.0,77.47117956226452,6786.266411216748
2023-01-03 12:30:00+03:00,871.9496862675256,0.0,-137.0432038309409,1008.9928900984681,77.92668094807459,6786.167835626256
2023-01-03 12:45:00+03:00,700.1778206720784,0.0,0.0,700.1778206620593,77.92781292422971,6786.069260035766
2023-01-03 13:00:00+03:00,1193.1801366583948,0.0,-406.81986334160683,1600.0,79.27782298636568,6785.970684445276
2023-01-03 13:15:00+03:00,1590.8285158294975,0.0,1590.8285158294975,0.0,72.38793758413995,6785.493897325132
2023-01-03 13:30:00+03:00,1810.9333124315654,0.0,-2189.0666875684346,4000.0,79.64781469051734,6785.395321734642
2023-01-03 13:45:00+03:00,934.6793129488901,0.0,-1441.0732773591853,2375.7525903080755,84.42758247029988,6785.295056026622
2023-01-03 14:00:00+03:00,1140.165051362488,0.0,-1278.6792125442505,2418.8442639067384,88.66900814377873,6785.193077097298
2023-01-03 14:15:00+03:00,10034.026333657106,0.0,0.0,0.0,88.67031843696427,6785.092811389277
2023-01-03 14:30:00+03:00,15078.87423900167,0.0,0.0,0.0,88.67160668109464,6784.994235798787
2023-01-03 14:45:00+03:00,8870.51124537818,0.0,4870.51124537818,4000.0,67.57130483960884,6783.737720499535
2023-01-03 15:00:00+03:00,13751.791327403247,0.0,0.0,0.0,67.57228674344135,6783.639144909044
2023-01-03 15:15:00+03:00,9803.497905951463,0.0,0.0,0.0,67.57326867581111,6783.540569318553
2023-01-03 15:30:00+03:00,2653.026721358967,0.0,-633.6132697617272,3286.639991120694,69.67588260804307,6783.441993728063
2023-01-03 15:45:00+03:00,3777.450842582158,0.0,-222.5491574178418,4000.0,70.415079206842,6783.343418137572
2023-01-03 16:00:00+03:00,3551.3711766047936,0.0,-448.6288233952065,4000.0,71.90420277069252,6783.244842547082
2023-01-03 16:15:00+03:00,3702.1215377602466,0.0,-297.8784622397543,4000.0,72.89332391530431,6783.146266956592
2023-01-03 16:30:00+03:00,2580.870163306477,0.0,-1419.1298366935239,4000.0,77.60176889184551,6783.047691366101
2023-01-03 16:45:00+03:00,3305.6029400138837,0.0,-694.3970600528928,4000.0,79.90629012615199,6782.950783014275
2023-01-03 17:00:00+03:00,8986.320770566928,0.0,4986.320770513015,4000.0,58.297729758621486,6781.463730499717
2023-01-03 17:15:00+03:00,2759.9080138643812,0.0,314.5825998150185,2445.3254140493627,56.9349481299734,6781.274475579679
2023-01-03 17:30:00+03:00,1802.602952754983,0.0,-1005.195912262312,2807.798865017295,60.27096638851588,6781.182433902695
2023-01-03 17:45:00+03:00,1129.0248707592625,0.0,1129.0248707592632,0.0,55.37789796240225,6780.716107303723
2023-01-03 18:00:00+03:00,1668.4011127079013,0.0,-1645.2567585660402,3313.6578712739415,60.83807003270123,6780.624065626739
2023-01-03 18:15:00+03:00,1249.5337960543561,0.0,1249.5337960371266,0.0,55.4225034237459,6780.081457091449
2023-01-03 18:30:00+03:00,1086.2221506730145,0.0,-513.777849326987,1600.0,57.12824705167899,6779.992549542102
2023-01-03 18:45:00+03:00,563.4577961220828,0.0,563.4577961220828,0.0,54.686466200762425,6779.681098728179
2023-01-03 19:00:00+03:00,982.3291424506624,0.0,-3017.670857549336,4000.0,64.7021801876454,6779.592191178832
2023-01-03 19:15:00+03:00,2095.7731733978244,0.0,0.0,2095.773173344739,64.70302870271736,6779.503283629485
2023-01-03 19:30:00+03:00,2208.4338189305954,0.0,-191.56618107464328,2400.0,65.33966063321638,6779.414376080138
2023-01-03 19:45:00+03:00,1234.0143488528247,0.0,1234.0143488415324,0.0,59.991120899634765,6778.838082281784
2023-01-03 20:00:00+03:00,1647.0316439933226,0.0,-1552.9683560066774,3200.0,65.14651473010075,6778.7491747324375
2023-01-03 20:15:00+03:00,1627.1772343301193,0.0,-2288.3750040953237,3915.5522384254427,72.74303492427721,6778.660267183091
2023-01-03 20:30:00+03:00,3521.3373781349696,0.0,0.0,3521.3373781261207,72.74398901982698,6778.571359633744
2023-01-03 20:45:00+03:00,3005.657957535227,0.0,-994.3420424647738,4000.0,76.04547233887102,6778.483986709115
2023-01-03 21:00:00+03:00,9463.428507799426,0.0,5463.4285077944205,4000.0,52.360195898248904,6775.832990418087
2023-01-03 21:15:00+03:00,14559.474254801933,0.0,0.0,0.0,52.3608593863183,6775.74713078167
2023-01-03 21:30:00+03:00,14549.289620653286,0.0,0.0,0.0,52.36152289120283,6775.661271145254
2023-01-03 21:45:00+03:00,15741.492963162758,0.0,0.0,0.0,52.36218641290315,6775.5754115088375
2023-01-03 22:00:00+03:00,8773.907820878783,0.0,4773.90782087785,4000.0,31.65023403459038,6773.248152370332
2023-01-03 22:15:00+03:00,3873.909152338152,97.39996875,64.06920781769577,3712.439975720514,31.37256059590634,6773.13221157276
2023-01-03 22:30:00+03:00,2975.0704451454053,194.551875,-1219.4814298545948,4000.0,35.42406480575565,6773.046351936343
2023-01-03 22:45:00+03:00,2780.2693269517817,594.39571875,0.0,2185.873608201786,35.42451387043397,6772.960492299926
2023-01-03 23:00:00+03:00,3611.3842214562414,989.982,-578.5977785437585,3200.0,37.34710837562636,6772.874632663509
2023-01-03 23:15:00+03:00,2597.262500114033,1321.22671875,1276.0357813640333,0.0,31.809276560124573,6772.138258337218
2023-01-03 23:30:00+03:00,2067.699345351334,1650.7878749999998,416.9114703513377,0.0,29.999999999999996,6771.823889789732
2023-01-03 23:45:00+03:00,1029.142956091848,2146.597875,-1117.454918908148,0.0,33.71325816883707,6771.740993581941
2023-01-04 00:00:00+03:00,520.7994918723468,2635.351875,-2114.552383127273,0.0,40.739635259562945,6771.658097374152
2023-01-04 00:15:00+03:00,1307.7865412893398,2988.7155,-1680.9289587102821,0.0,46.325378252675705,6771.575201166362
2023-01-04 00:30:00+03:00,731.9820232379584,3338.296875,-2606.3148517617956,0.0,54.986087254719045,6771.492304958572
2023-01-04 00:45:00+03:00,649.6097862945452,3901.030875,-3251.421088705072,0.0,65.79054948465627,6771.410859319141
2023-01-04 01:00:00+03:00,510.2889175425376,4456.339875000017,-3946.050957457479,0.0,78.90339433872705,6771.330843767445
2023-01-04 01:15:00+03:00,1751.146049253659,3738.2094042236085,-1987.0633549699494,0.0,85.50708398482973,6771.250828215749
2023-01-04 01:30:00+03:00,1971.5430776730454,1971.5430776730454,0.0,0.0,85.50809442994895,6771.170812664052
2023-01-04 01:45:00+03:00,596.8065547667561,596.8065547667561,0.0,0.0,85.50910489894947,6771.090797112357
2023-01-04 02:00:00+03:00,1102.0141635923587,1102.0141635923587,0.0,0.0,85.51011539183219,6771.010781560661
2023-01-04 02:15:00+03:00,10915.047106011883,5770.11346875,5144.933637261884,0.0,63.193726922196205,6767.575778694127
2023-01-04 02:30:00+03:00,13651.495228223901,6008.533875,7642.961353223901,0.0,29.999999999999996,6762.511823563083
2023-01-04 02:45:00+03:00,3323.6525876285896,6612.547218749999,-3288.8946311214095,0.0,40.943183128162936,6762.431808011387
2023-01-04 03:00:00+03:00,5859.04497953996,7202.6955,-1343.6505204600398,0.0,45.41432182808252,6762.351792459692
2023-01-04 03:15:00+03:00,2424.162944295673,7615.219499999999,-5191.056555703864,0.0,62.686979628411294,6762.271776907995
2023-01-04 03:30:00+03:00,3879.248686871027,8020.6875,-4141.4388131289725,0.0,76.4676283466562,6762.191761356299
2023-01-04 03:45:00+03:00,14436.484860218336,8153.08621875,6283.398641468345,0.0,49.16872113474738,6758.014370751303
2023-01-04 04:00:00+03:00,8096.10278046001,8284.714874999998,-188.61209453996895,0.0,49.79727213365266,6757.934355199608
2023-01-04 04:15:00+03:00,2512.3508669466237,8486.998875000027,-5974.648008053404,0.0,69.6901937224166,6757.855749466066
2023-01-04 04:30:00+03:00,1804.8735983479282,8688.69787500003,-6883.824276652103,0.0,92.61065888020582,6757.778533490965
2023-01-04 04:45:00+03:00,2451.3728477647987,2451.3728477647987,0.0,0.0,92.61171708357915,6757.701317515864
2023-01-04 05:00:00+03:00,3046.1613900499215,3046.1613900499215,0.0,0.0,92.61277531113561,6757.624101540762
2023-01-04 05:15:00+03:00,2004.0348121021202,2004.0348121021202,0.0,0.0,92.61383356287601,6757.546885565661
2023-01-04 05:30:00+03:00,1879.16053311167,1879.16053311167,0.0,0.0,92.61489183880119,6757.4696695905595
2023-01-04 05:45:00+03:00,1369.3918580002885,1369.3918580002885,0.0,0.0,92.61595013891197,6757.392453615458
2023-01-04 06:00:00+03:00,488.8139179490688,488.8139179490688,0.0,0.0,92.61700846320917,6757.315237640357
2023-01-04 06:15:00+03:00,1230.45884501761,1230.45884501761,0.0,0.0,92.6180858604183,6757.236631906816
2023-01-04 06:30:00+03:00,621.736115815703,621.736115815703,0.0,0.0,92.61918260682481,6757.15661635512
2023-01-04 06:45:00+03:00,1205.2488314743507,1205.2488314743507,0.0,0.0,92.62031886481527,6757.073720147329
2023-01-04 07:00:00+03:00,1131.0130926870224,1131.0130926870224,0.0,0.0,92.62149577190267,6756.987860510913
2023-01-04 07:15:00+03:00,1871.1865992011267,1871.1865992011267,0.0,0.0,92.62269345284885,6756.900487586284
2023-01-04 07:30:00+03:00,1713.3266546325965,1713.3266546325965,0.0,0.0,92.62391220175004,6756.811580036937
2023-01-04 07:45:00+03:00,928.2669801862992,928.2669801862992,0.0,0.0,92.62515231573502,6756.721116309485
2023-01-04 08:00:00+03:00,576.428769383732,576.428769383732,0.0,0.0,92.62641409498261,6756.629074632502
2023-01-04 08:15:00+03:00,1046.4419205269476,3260.2810646355047,-2213.8391441085573,0.0,100.0,6756.537032955518
2023-01-04 08:30:00+03:00,3581.6550830362257,3473.118,108.53708301268762,0.0,99.52941498300913,6756.409009968733
2023-01-04 08:45:00+03:00,13290.114715139262,2319.73621875,6970.378496389261,4000.0,69.20886626503038,6754.196812173016
2023-01-04 09:00:00+03:00,14528.894346070787,1129.921875,0.0,0.0,69.20984242704833,6754.101548404763
2023-01-04 09:15:00+03:00,14478.61284316149,785.6524687499998,0.0,0.0,69.21081861660338,6754.006284636511
2023-01-04 09:30:00+03:00,12814.307038408693,438.048,0.0,0.0,69.21179483369669,6753.911020868258
2023-01-04 09:45:00+03:00,2335.362601807693,360.14371875,-424.7811169423071,2400.0,70.62792535977103,6753.814112516431
2023-01-04 10:00:00+03:00,2175.5813402209124,282.38287499999996,0.0,1893.198465248503,70.62895622789543,6753.715536925941
2023-01-04 10:15:00+03:00,2369.8941249885083,164.2275,-194.33337501149163,2400.0,71.27741811933772,6753.6169613354505
2023-01-04 10:30:00+03:00,2309.6031810154627,45.691874999999996,-138.87047615381653,2402.7817821692793,71.74111892655708,6753.51838574496
2023-01-04 10:45:00+03:00,2500.096209947387,27.367875,0.0,2472.728334892313,71.74218404243119,6753.41812003694
2023-01-04 11:00:00+03:00,2404.6446660587003,9.106875,-4.462208941298741,2400.0,71.75813411644586,6753.316141107616
2023-01-04 11:15:00+03:00,2507.208242596401,4.55371875,-1420.0314968805105,3922.6860207269096,76.4904031856665,6753.214162178292
2023-01-04 11:30:00+03:00,2075.467064544421,0.0,-324.5329354555788,2400.0,77.57283618230808,6753.112183248968
2023-01-04 11:45:00+03:00,773.0346051361465,0.0,-26.965394863869065,800.0,77.66387218372068,6753.008467768524
2023-01-04 12:00:00+03:00,1096.017507612685,0.0,1096.017507612685,0.0,72.89368535730308,6752.697096273383
2023-01-04 12:15:00+03:00,1266.367600826468,0.0,-817.7410279382882,2084.1086287647563,75.61960120772966,6752.589836791448
2023-01-04 12:30:00+03:00,1256.2075899346055,0.0,1256.2075899346055,0.0,70.15150164514273,6752.255581309213
2023-01-04 12:45:00+03:00,448.1189053165946,0.0,0.0,448.1189053165875,70.15265383749959,6752.144681765906
2023-01-04 13:00:00+03:00,975.1989080997296,0.0,975.1989080997296,0.0,65.90759910757495,6751.854925982729
2023-01-04 13:15:00+03:00,1653.693429848133,0.0,-746.3065701518669,2400.0,68.39574644711841,6751.7421698092685
2023-01-04 13:30:00+03:00,1824.4454570082253,0.0,-576.0855517479004,2400.5310087561256,70.31671043409084,6751.629413635808
2023-01-04 13:45:00+03:00,1254.6699115229014,0.0,-345.33008847709857,1600.0,71.46872649633913,6751.516657462348
2023-01-04 14:00:00+03:00,1869.7654440016781,0.0,0.0,1869.765443963494,71.46992010588161,6751.403901288889
2023-01-04 14:15:00+03:00,1349.9698034221055,0.0,-1059.0579887162748,2409.027792138381,75.00063192210521,6751.291145115429
2023-01-04 14:30:00+03:00,2851.148371512197,0.0,-348.85162848780465,3200.0,76.16452035350981,6751.1783889419685
2023-01-04 14:45:00+03:00,11515.86043125559,0.0,7515.860431255591,4000.0,43.43089030051092,6749.701496332362
2023-01-04 15:00:00+03:00,15009.999761817824,0.0,0.0,0.0,43.43161584116069,6749.588740158902
2023-01-04 15:15:00+03:00,3248.3007297425675,0.0,0.0,3248.3007297340596,43.43234140602375,6749.475983985441
2023-01-04 15:30:00+03:00,2386.2940801225413,0.0,-813.7059198774605,3200.0,46.14567595977853,6749.363227811982
2023-01-04 15:45:00+03:00,3464.734548602845,0.0,0.0,3464.734548602837,46.14643419700844,6749.252328268675
2023-01-04 16:00:00+03:00,3547.129831680986,0.0,-113.217542079753,3660.347373760739,46.52461964503793,6749.143260878664
2023-01-04 16:15:00+03:00,7372.810353813902,0.0,3372.810353813902,4000.0,31.82981673308621,6748.421469704312
2023-01-04 16:30:00+03:00,11869.07191720694,0.0,0.0,0.0,31.830314230336832,6748.315994115761
2023-01-04 16:45:00+03:00,11717.4198133721,0.0,0.0,0.0,31.8308034408413,6748.212278635317
2023-01-04 17:00:00+03:00,3239.108678862602,0.0,0.0,3239.108678907885,31.831284475105576,6748.1102997059925
2023-01-04 17:15:00+03:00,2940.9864092056923,0.0,0.0,2940.9864092245507,31.83175744220007,6748.010033997973
2023-01-04 17:30:00+03:00,2109.923831643845,0.0,-413.56129333833996,2523.485124982183,33.21118676515026,6747.911458407482
2023-01-04 17:45:00+03:00,1618.4483975149394,0.0,-781.5516024850606,2400.0,35.8176794846546,6747.814550055656
2023-01-04 18:00:00+03:00,651.0449534810991,0.0,651.0449534810991,0.0,32.9813173507389,6747.537565720015
2023-01-04 18:15:00+03:00,684.2703769228078,0.0,684.2703769228078,0.0,30.0,6747.235948992833
2023-01-04 18:30:00+03:00,886.0884869505203,0.0,-1513.9115130494797,2400.0,35.04891710653832,6747.143907315849
2023-01-04 18:45:00+03:00,1068.2047636388356,0.0,-359.96279731442996,1428.1675609532656,36.2497870363532,6747.053443588398
2023-01-04 19:00:00+03:00,1272.3772534800285,0.0,0.0,1272.3772534281075,36.25026471482809,6746.964536039051
2023-01-04 19:15:00+03:00,2013.4844010472448,0.0,-735.2524264240583,2748.7368274713026,38.702718773247454,6746.8756284897045
2023-01-04 19:30:00+03:00,2234.9136717591273,0.0,-175.67456034261204,2410.5882321017393,39.289089550214385,6746.786720940358
2023-01-04 19:45:00+03:00,565.1913920303346,0.0,565.1913920303346,0.0,36.82691282284994,6746.474585425475
2023-01-04 20:00:00+03:00,1363.8279772866356,0.0,-1039.3138663207937,2403.1418436074296,40.29363371600673,6746.385677876128
2023-01-04 20:15:00+03:00,1356.3739687977677,0.0,-1058.3813785405582,2414.7553472968825,43.82402927712557,6746.2983049515
2023-01-04 20:30:00+03:00,6546.3211038735635,0.0,2546.321103817091,4000.0,32.729076864114894,6745.016921004937
2023-01-04 20:45:00+03:00,14924.735057432867,0.0,0.0,0.0,32.72949348907581,6744.931061368521
2023-01-04 21:00:00+03:00,14788.927154077232,0.0,0.0,0.0,32.729910124643716,6744.845201732104
2023-01-04 21:15:00+03:00,4265.528990637565,0.0,265.5289906375647,4000.0,31.573022316519186,6744.634673465765
2023-01-04 21:30:00+03:00,2628.872891798862,0.0,-571.1271082011381,3200.0,33.47871996027969,6744.548813829349
2023-01-04 21:45:00+03:00,3600.818135097392,0.0,0.0,3600.8181350529126,33.47914615725671,6744.462954192932
2023-01-04 22:00:00+03:00,3509.1057378248115,0.0,0.0,3509.105737824803,33.47957236523353,6744.377094556515
2023-01-04 22:15:00+03:00,3792.875432202333,134.43946875,0.0,3658.4359634022626,33.4799985838952,6744.291234920099
2023-01-04 22:30:00+03:00,3455.5383888041256,268.40587500000004,-12.867486195873425,3200.0,33.52335328673156,6744.205375283682
2023-01-04 22:45:00+03:00,14766.352418660224,644.6475000000002,0.0,0.0,33.52378007378924,6744.119515647265
2023-01-04 23:00:00+03:00,14853.392029438048,1017.106875,0.0,0.0,33.52420687171393,6744.033656010849
2023-01-04 23:15:00+03:00,2207.7658396834513,1399.2004687499998,808.5653709214498,0.0,30.0,6743.5681665014245
2023-01-04 23:30:00+03:00,1487.4122897395484,1777.230000000006,-289.81771026045743,0.0,30.967374714294387,6743.482306865008
2023-01-04 23:45:00+03:00,1379.904896315792,1856.0292187500045,-476.12432243421256,0.0,32.556397042517744,6743.397939396019
2023-01-05 00:00:00+03:00,747.0695803326049,1934.9718749999997,-1187.902294666972,0.0,36.52039698329804,6743.315043188229
2023-01-05 00:15:00+03:00,599.7058798877777,2295.7155000000002,-1696.0096201122215,0.0,42.179885344829685,6743.232146980439
2023-01-05 00:30:00+03:00,1227.4949673784554,2652.676875,-1425.181907621096,0.0,46.93583664908712,6743.14925077265
2023-01-05 00:45:00+03:00,744.1914889518126,3082.8768749999995,-2338.6853860481824,0.0,54.740047555795265,6743.0663545648595
2023-01-05 01:00:00+03:00,816.5797185286496,3507.4518749999997,-2690.8721564708967,0.0,63.719627831631286,6742.98345835707
2023-01-05 01:15:00+03:00,1695.8274925453575,4079.9877187499997,-2384.1602262041997,0.0,71.6759793617513,6742.90056214928
2023-01-05 01:30:00+03:00,2259.4358834362565,4641.966000000022,-2382.5301165637657,0.0,79.62708703597573,6742.81766594149
2023-01-05 01:45:00+03:00,5941.731517758555,5320.66471875,621.0667989758185,0.0,76.92291050069281,6742.38994884176
2023-01-05 02:00:00+03:00,13587.639622501874,5983.297875,3638.1880546233033,3966.153692878571,61.07139373252051,6740.28710364924
2023-01-05 02:15:00+03:00,2812.478443216145,6149.332968798337,-3336.854525582192,0.0,72.21115850843756,6740.204207441449
2023-01-05 02:30:00+03:00,2967.281237927543,6314.328000031924,-3347.046762104381,0.0,83.38522121455287,6740.12131123366
2023-01-05 02:45:00+03:00,11793.381547444678,6214.6878750000005,5578.693672444679,0.0,59.06943165914179,6736.941082933469
2023-01-05 03:00:00+03:00,12777.05268556899,6114.6675000000005,6662.385185568989,0.0,30.0,6733.159181069727
2023-01-05 03:15:00+03:00,2874.38140724761,5886.287718749999,-3011.906311502389,0.0,40.0652920044002,6733.076284861938
2023-01-05 03:30:00+03:00,2844.361372847461,5655.949875000012,-2811.588502152551,0.0,49.46141924043917,6732.993388654148
2023-01-05 03:45:00+03:00,3646.742449499939,5745.975468749999,-2099.2330192500604,0.0,56.47723255775687,6732.910492446358
2023-01-05 04:00:00+03:00,3636.7118359636384,5835.7035000000005,-2198.991664036358,0.0,63.82659558271651,6732.827596238568
2023-01-05 04:15:00+03:00,4553.283738023313,6325.8004687500015,-1772.516730726712,0.0,69.75091310865784,6732.744700030778
2023-01-05 04:30:00+03:00,3759.853324050875,6806.824875000001,-3046.9715509486814,0.0,79.9344993306184,6732.661803822988
2023-01-05 04:45:00+03:00,9922.831583385621,6904.1835,3018.6480833855894,0.0,66.76491814617539,6730.9029318163275
2023-01-05 05:00:00+03:00,2990.0873934179026,6949.083818134088,-3958.9964247161856,0.0,80.00000000000004,6730.820035608537
2023-01-05 05:15:00+03:00,2304.501787899978,5288.405949537363,-2983.904161637385,0.0,89.9758178518575,6730.735668139549
2023-01-05 05:30:00+03:00,2004.679506215465,5000.60587500002,-2995.926368784555,0.0,99.99209718695079,6730.649808503132
2023-01-05 05:45:00+03:00,759.1507175850992,759.1507175850992,0.0,0.0,99.99339523626756,6730.562435578503
2023-01-05 06:00:00+03:00,1299.9210580676754,1299.9210580676754,0.0,0.0,99.99471611921648,6730.473528029156
2023-01-05 06:15:00+03:00,1042.503927161405,1042.503927161405,0.0,0.0,99.9960370370628,6730.384620479809
2023-01-05 06:30:00+03:00,933.5885020430835,933.5885020430835,0.0,0.0,99.99735798980791,6730.295712930462
2023-01-05 06:45:00+03:00,1192.065003167959,1192.065003167959,0.0,0.0,99.99867897745318,6730.206805381115
2023-01-05 07:00:00+03:00,1179.2755947647988,1179.2755947647988,0.0,0.0,100.0,6730.1178978317685
2023-01-05 07:15:00+03:00,1594.897799430965,1224.0424687500135,370.8553306809515,0.0,98.38273972203221,6729.88251727851
2023-01-05 07:30:00+03:00,2081.086394656357,1067.0838750000107,1014.0025196455194,0.0,93.95805317435823,6729.393119341837
2023-01-05 07:45:00+03:00,1084.4973333557728,961.66546875001,122.83186455465648,0.0,93.42307207308157,6729.258208805525
2023-01-05 08:00:00+03:00,13490.230131605997,856.3635000000304,0.0,0.0,93.4243499158349,6729.166167128541
2023-01-05 08:15:00+03:00,4718.788435732979,832.19821875,-85.1339813695763,3971.7241983525564,93.7103125029115,6729.072525511406
2023-01-05 08:30:00+03:00,12365.633096062773,808.108875,7557.524221062773,4000.0,60.69739699162686,6726.8677951354275
2023-01-05 08:45:00+03:00,14745.3049142415,781.1594999999999,0.0,0.0,60.698256581085786,6726.772531367174
2023-01-05 09:00:00+03:00,12831.53292684381,754.189875,0.0,0.0,60.69911619489187,6726.677267598921
2023-01-05 09:15:00+03:00,2364.501455064659,749.6929687500001,-1585.1915136853386,3200.0,66.00234322225042,6726.582003830668
2023-01-05 09:30:00+03:00,3192.661132409365,745.1954999999999,419.8505688035377,2027.6150635607726,64.16858674340745,6726.369550791271
2023-01-05 09:45:00+03:00,3183.76035198116,748.2079687500001,0.0,2435.5523831972846,64.16951124830204,6726.272642439444
2023-01-05 10:00:00+03:00,3806.3642600631833,751.201875,-135.45685185391955,3190.6192369171026,64.62357394186638,6726.174066848954
2023-01-05 10:15:00+03:00,3798.088965436884,476.01421875,171.25151232262579,3150.823234364258,63.876048651419346,6726.035924881388
2023-01-05 10:30:00+03:00,2327.7663738452766,199.8315,-847.3578865876952,2975.2927604329693,66.7116498649508,6725.933945952064
2023-01-05 10:45:00+03:00,3554.2542016063467,108.91799999999999,-277.33189917492564,3722.6681007812726,67.640440296495,6725.83023047162
2023-01-05 11:00:00+03:00,3302.2575156158578,18.139499999999998,0.0,3284.118015563355,67.64150106176716,6725.724754883069
2023-01-05 11:15:00+03:00,2659.563368068271,9.070875000000001,-549.5075069317318,3200.0,69.48089352800211,6725.6192792945185
2023-01-05 11:30:00+03:00,1952.9177725242214,0.0,-451.9717921183785,2404.8895646426,70.9940409480838,6725.513803705968
2023-01-05 11:45:00+03:00,1023.4644327442395,0.0,-576.5355672557605,1600.0,72.92398599481923,6725.406544224033
2023-01-05 12:00:00+03:00,1192.4046318225876,0.0,1192.4046317925524,0.0,67.71257380934576,6725.08372607631
2023-01-05 12:15:00+03:00,1097.9629772615067,0.0,-2151.592533433639,3249.5555106951447,74.91233584464413,6724.974658686298
2023-01-05 12:30:00+03:00,1128.0575649921013,0.0,-1169.3194834126168,2297.377048404718,78.8258503249627,6724.865591296287
2023-01-05 12:45:00+03:00,449.86194259461826,0.0,-350.1380574053977,800.0,79.99865861373125,6724.75469175298
2023-01-05 13:00:00+03:00,797.10216127564,0.0,0.0,797.1021612635303,80.00000000000003,6724.641935579521
2023-01-05 13:15:00+03:00,1637.806910332807,0.0,-1062.3092648197835,2700.1161751525906,83.55578484595615,6724.52917940606
2023-01-05 13:30:00+03:00,2014.8114385083786,0.0,-385.18856149162093,2400.0,84.84603273039046,6724.4164232326
2023-01-05 13:45:00+03:00,7446.253250394906,0.0,3446.253250394906,4000.0,69.7802087578623,6723.678168532385
2023-01-05 14:00:00+03:00,8805.517456317142,0.0,4805.5174563161545,4000.0,48.76630651750737,6722.693205973953
2023-01-05 14:15:00+03:00,963.4044777557746,0.0,-3036.5955222442253,4000.0,58.93037804494037,6722.582306430646
2023-01-05 14:30:00+03:00,1926.4783437835904,0.0,-1177.7546734163884,3104.233017199979,62.87325837958595,6722.473239040634
2023-01-05 14:45:00+03:00,7348.234761774092,0.0,3348.2347617740916,4000.0,48.22934954918834,6721.763966235245
2023-01-05 15:00:00+03:00,11832.336969744478,0.0,0.0,0.0,48.23013213165597,6721.654898845233
2023-01-05 15:15:00+03:00,12802.381043557029,0.0,0.0,0.0,48.23090176675546,6721.547639363298
2023-01-05 15:30:00+03:00,5664.095828008789,0.0,1664.0958279617462,4000.0,40.95179343592379,6721.12954968166
2023-01-05 15:45:00+03:00,3846.4446137571263,0.0,-115.30699905253823,3961.751612809665,41.3384389983303,6721.025834201216
2023-01-05 16:00:00+03:00,9193.193202098371,0.0,0.0,0.0,41.33906624092964,6720.923855271892
2023-01-05 16:15:00+03:00,3017.0484572109376,0.0,0.0,3017.0484571573857,41.33968296438405,6720.823589563872
2023-01-05 16:30:00+03:00,1946.2596270659108,0.0,-474.2469640671716,2420.506591133083,42.92799847394234,6720.7250139733815
2023-01-05 16:45:00+03:00,2587.0634893130964,0.0,-983.0853191776932,3570.1488084907915,46.21989015659204,6720.628105621555
2023-01-05 17:00:00+03:00,3385.2634346860036,0.0,-463.77619594147745,3849.039630627481,47.773244293123426,6720.532841853302
2023-01-05 17:15:00+03:00,1996.3827867406585,0.0,-1503.617213259342,3500.0,52.80801357739841,6720.4392002361665
2023-01-05 17:30:00+03:00,1500.3569852853332,0.0,-922.4320062759562,2422.788991561288,55.89707731019932,6720.347158559182
2023-01-05 17:45:00+03:00,1424.7865338648855,0.0,-1537.3484797044591,2962.1350135693447,61.04501962077855,6720.255116882199
2023-01-05 18:00:00+03:00,549.8419203525613,0.0,0.0,549.841920329742,61.045855714473674,6720.163075205215
2023-01-05 18:15:00+03:00,1115.8368714850217,0.0,1115.8368714656967,0.0,56.166095363528534,6719.701120581932
2023-01-05 18:30:00+03:00,803.3805085575634,0.0,0.0,803.3805085735124,56.166864697265815,6719.609078904948
2023-01-05 18:45:00+03:00,1256.3673796396251,0.0,0.0,1256.3673796143635,56.16762086213875,6719.518615177496
2023-01-05 19:00:00+03:00,855.733433461602,0.0,-2344.2665665613313,3200.0,64.0181370172923,6719.429707628149
2023-01-05 19:15:00+03:00,1425.2743143336043,0.0,-2574.7256856663957,4000.0,72.64056313720133,6719.340800078802
2023-01-05 19:30:00+03:00,1203.351269561779,0.0,0.0,1203.3512695212664,72.64152429992525,6719.251892529455
2023-01-05 19:45:00+03:00,711.1269360736665,0.0,711.1269360697083,0.0,69.53257897396854,6718.882118318984
2023-01-05 20:00:00+03:00,5303.372552643948,0.0,1303.3725526439484,4000.0,63.83282846685638,6718.278430807728
2023-01-05 20:15:00+03:00,13105.56222493042,0.0,0.0,0.0,63.83367322128422,6718.189523258381
2023-01-05 20:30:00+03:00,8045.71766001474,0.0,4045.7176599604763,4000.0,46.133386933193464,6716.502719252903
2023-01-05 20:45:00+03:00,1562.6121229988082,0.0,-1637.3878770011888,3200.0,51.6192385581393,6716.415346328275
2023-01-05 21:00:00+03:00,2373.02520030251,0.0,-641.7500153729707,3014.7752156754805,53.76978929921989,6716.329486691858
2023-01-05 21:15:00+03:00,4272.336229641731,0.0,272.3362296019077,4000.0,52.57886325261209,6716.115762355841
2023-01-05 21:30:00+03:00,13823.81565047393,0.0,0.0,0.0,52.57953543575413,6716.029902719425
2023-01-05 21:45:00+03:00,14239.533383794816,0.0,0.0,0.0,52.58020763608316,6715.944043083008
2023-01-05 22:00:00+03:00,3212.3944122783246,0.0,206.91677666339956,3005.4776356145735,51.67544571029951,6715.761033862313
2023-01-05 22:15:00+03:00,2397.955781722563,64.960875,-812.5058571135492,3145.500763836112,54.398302034592035,6715.675174225896
2023-01-05 22:30:00+03:00,2233.1423492465356,129.81150000000002,484.44405528163406,1618.8867939649017,52.279084744211644,6715.361863053958
2023-01-05 22:45:00+03:00,2356.276642121535,397.3038749999999,562.2217829445044,1396.750984177031,49.81927588796399,6715.01203442785
2023-01-05 23:00:00+03:00,2408.2733811808166,662.904,145.36938118081662,1600.0,49.18368652300431,6714.8579223511215
2023-01-05 23:15:00+03:00,2240.628427941872,744.9468750000001,-1704.3184470581273,3200.0,54.89518165553534,6714.772062714705
2023-01-05 23:30:00+03:00,1945.5708336311434,826.8075,1118.7633336311433,0.0,49.99937171993759,6714.160932027182
2023-01-05 23:45:00+03:00,1221.1580999181444,1118.5875,0.0,102.57059994701301,50.00000000000001,6714.076564558193
