timestamp,aggregate_wh
2023-01-01 00:00:00,66.18050211318585
2023-01-01 00:15:00,66.18050211318585
2023-01-01 00:30:00,66.18050211318585
2023-01-01 00:45:00,66.18050211318585
2023-01-01 01:00:00,59.635506639944765
2023-01-01 01:15:00,59.635506639944765
2023-01-01 01:30:00,59.635506639944765
2023-01-01 01:45:00,59.635506639944765
2023-01-01 02:00:00,55.76191478213946
2023-01-01 02:15:00,55.76191478213946
2023-01-01 02:30:00,55.76191478213946
2023-01-01 02:45:00,55.76191478213946
2023-01-01 03:00:00,40.517171176632566
2023-01-01 03:15:00,40.517171176632566
2023-01-01 03:30:00,40.517171176632566
2023-01-01 03:45:00,40.517171176632566
2023-01-01 04:00:00,41.826452532741605
2023-01-01 04:15:00,41.826452532741605
2023-01-01 04:30:00,41.826452532741605
2023-01-01 04:45:00,41.826452532741605
2023-01-01 05:00:00,116.34374742691094
2023-01-01 05:15:00,116.34374742691094
2023-01-01 05:30:00,116.34374742691094
2023-01-01 05:45:00,116.34374742691094
2023-01-01 06:00:00,121.3216164259669
2023-01-01 06:15:00,121.3216164259669
2023-01-01 06:30:00,121.3216164259669
2023-01-01 06:45:00,121.3216164259669
2023-01-01 07:00:00,286.8099856611235
2023-01-01 07:15:00,286.8099856611235
2023-01-01 07:30:00,286.8099856611235
2023-01-01 07:45:00,286.8099856611235
2023-01-01 08:00:00,43.06300085624489
2023-01-01 08:15:00,43.06300085624489
2023-01-01 08:30:00,43.06300085624489
2023-01-01 08:45:00,43.06300085624489
2023-01-01 09:00:00,60.48584352296105
2023-01-01 09:15:00,60.48584352296105
2023-01-01 09:30:00,60.48584352296105
2023-01-01 09:45:00,60.48584352296105
2023-01-01 10:00:00,96.1899364099624
2023-01-01 10:15:00,96.1899364099624
2023-01-01 10:30:00,96.1899364099624
2023-01-01 10:45:00,96.1899364099624
2023-01-01 11:00:00,98.02660452931732
2023-01-01 11:15:00,98.02660452931732
2023-01-01 11:30:00,98.02660452931732
2023-01-01 11:45:00,98.02660452931732
2023-01-01 12:00:00,527.2027633066497
2023-01-01 12:15:00,527.2027633066497
2023-01-01 12:30:00,527.2027633066497
2023-01-01 12:45:00,527.2027633066497
2023-01-01 13:00:00,866.729472284668
2023-01-01 13:15:00,866.729472284668
2023-01-01 13:30:00,866.729472284668
2023-01-01 13:45:00,866.729472284668
2023-01-01 14:00:00,888.4485615248736
2023-01-01 14:15:00,888.4485615248736
2023-01-01 14:30:00,888.4485615248736
2023-01-01 14:45:00,888.4485615248736
2023-01-01 15:00:00,615.704493829912
2023-01-01 15:15:00,615.704493829912
2023-01-01 15:30:00,615.704493829912
2023-01-01 15:45:00,615.704493829912
2023-01-01 16:00:00,319.2993019588688
2023-01-01 16:15:00,319.2993019588688
2023-01-01 16:30:00,319.2993019588688
2023-01-01 16:45:00,319.2993019588688
2023-01-01 17:00:00,156.1042966306589
2023-01-01 17:15:00,156.1042966306589
2023-01-01 17:30:00,156.1042966306589
2023-01-01 17:45:00,156.1042966306589
2023-01-01 18:00:00,174.99557047033613
2023-01-01 18:15:00,174.99557047033613
2023-01-01 18:30:00,174.99557047033613
2023-01-01 18:45:00,174.99557047033613
2023-01-01 19:00:00,192.1782966396512
2023-01-01 19:15:00,192.1782966396512
2023-01-01 19:30:00,192.1782966396512
2023-01-01 19:45:00,192.1782966396512
2023-01-01 20:00:00,175.06192734983213
2023-01-01 20:15:00,175.06192734983213
2023-01-01 20:30:00,175.06192734983213
2023-01-01 20:45:00,175.06192734983213
2023-01-01 21:00:00,117.62269100396688
2023-01-01 21:15:00,117.62269100396688
2023-01-01 21:30:00,117.62269100396688
2023-01-01 21:45:00,117.62269100396688
2023-01-01 22:00:00,113.8901386906314
2023-01-01 22:15:00,113.8901386906314
2023-01-01 22:30:00,113.8901386906314
2023-01-01 22:45:00,113.8901386906314
2023-01-01 23:00:00,44.42729806813543
2023-01-01 23:15:00,44.42729806813543
2023-01-01 23:30:00,44.42729806813543
2023-01-01 23:45:00,44.42729806813543
2023-01-02 00:00:00,43.16132603796712
2023-01-02 00:15:00,43.16132603796712
2023-01-02 00:30:00,43.16132603796712
2023-01-02 00:45:00,43.16132603796712
2023-01-02 01:00:00,70.46911986809582
2023-01-02 01:15:00,70.46911986809582
2023-01-02 01:30:00,70.46911986809582
2023-01-02 01:45:00,70.46911986809582
2023-01-02 02:00:00,54.90481644098952
2023-01-02 02:15:00,54.90481644098952
2023-01-02 02:30:00,54.90481644098952
2023-01-02 02:45:00,54.90481644098952
2023-01-02 03:00:00,64.16075101904886
2023-01-02 03:15:00,64.16075101904886
2023-01-02 03:30:00,64.16075101904886
2023-01-02 03:45:00,64.16075101904886
2023-01-02 04:00:00,54.97728659702817
2023-01-02 04:15:00,54.97728659702817
2023-01-02 04:30:00,54.97728659702817
2023-01-02 04:45:00,54.97728659702817
2023-01-02 05:00:00,63.11859392175403
2023-01-02 05:15:00,63.11859392175403
2023-01-02 05:30:00,63.11859392175403
2023-01-02 05:45:00,63.11859392175403
2023-01-02 06:00:00,77.70230934240088
2023-01-02 06:15:00,77.70230934240088
2023-01-02 06:30:00,77.70230934240088
2023-01-02 06:45:00,77.70230934240088
2023-01-02 07:00:00,70.59266776973402
2023-01-02 07:15:00,70.59266776973402
2023-01-02 07:30:00,70.59266776973402
2023-01-02 07:45:00,70.59266776973402
2023-01-02 08:00:00,68.22571103037137
2023-01-02 08:15:00,68.22571103037137
2023-01-02 08:30:00,68.22571103037137
2023-01-02 08:45:00,68.22571103037137
2023-01-02 09:00:00,61.49281321475176
2023-01-02 09:15:00,61.49281321475176
2023-01-02 09:30:00,61.49281321475176
2023-01-02 09:45:00,61.49281321475176
2023-01-02 10:00:00,101.96441157967725
2023-01-02 10:15:00,101.96441157967725
2023-01-02 10:30:00,101.96441157967725
2023-01-02 10:45:00,101.96441157967725
2023-01-02 11:00:00,71.14886250997839
2023-01-02 11:15:00,71.14886250997839
2023-01-02 11:30:00,71.14886250997839
2023-01-02 11:45:00,71.14886250997839
2023-01-02 12:00:00,149.96801528103396
2023-01-02 12:15:00,149.96801528103396
2023-01-02 12:30:00,149.96801528103396
2023-01-02 12:45:00,149.96801528103396
2023-01-02 13:00:00,116.27543397283996
2023-01-02 13:15:00,116.27543397283996
2023-01-02 13:30:00,116.27543397283996
2023-01-02 13:45:00,116.27543397283996
2023-01-02 14:00:00,146.58073887107057
2023-01-02 14:15:00,146.58073887107057
2023-01-02 14:30:00,146.58073887107057
2023-01-02 14:45:00,146.58073887107057
2023-01-02 15:00:00,126.2182948600784
2023-01-02 15:15:00,126.2182948600784
2023-01-02 15:30:00,126.2182948600784
2023-01-02 15:45:00,126.2182948600784
2023-01-02 16:00:00,152.05545058998814
2023-01-02 16:15:00,152.05545058998814
2023-01-02 16:30:00,152.05545058998814
2023-01-02 16:45:00,152.05545058998814
2023-01-02 17:00:00,626.1136188214883
2023-01-02 17:15:00,626.1136188214883
2023-01-02 17:30:00,626.1136188214883
2023-01-02 17:45:00,626.1136188214883
2023-01-02 18:00:00,876.4737228633642
2023-01-02 18:15:00,876.4737228633642
2023-01-02 18:30:00,876.4737228633642
2023-01-02 18:45:00,876.4737228633642
2023-01-02 19:00:00,910.4330019197248
2023-01-02 19:15:00,910.4330019197248
2023-01-02 19:30:00,910.4330019197248
2023-01-02 19:45:00,910.4330019197248
2023-01-02 20:00:00,933.7995981516935
2023-01-02 20:15:00,933.7995981516935
2023-01-02 20:30:00,933.7995981516935
2023-01-02 20:45:00,933.7995981516935
2023-01-02 21:00:00,650.7737082254173
2023-01-02 21:15:00,650.7737082254173
2023-01-02 21:30:00,650.7737082254173
2023-01-02 21:45:00,650.7737082254173
2023-01-02 22:00:00,129.14464564146917
2023-01-02 22:15:00,129.14464564146917
2023-01-02 22:30:00,129.14464564146917
2023-01-02 22:45:00,129.14464564146917
2023-01-02 23:00:00,84.6099955831892
2023-01-02 23:15:00,84.6099955831892
2023-01-02 23:30:00,84.6099955831892
2023-01-02 23:45:00,84.6099955831892
2023-01-03 00:00:00,69.66760642228563
2023-01-03 00:15:00,69.66760642228563
2023-01-03 00:30:00,69.66760642228563
2023-01-03 00:45:00,69.66760642228563
2023-01-03 01:00:00,82.03903130466026
2023-01-03 01:15:00,82.03903130466026
2023-01-03 01:30:00,82.03903130466026
2023-01-03 01:45:00,82.03903130466026
2023-01-03 02:00:00,45.47614600725764
2023-01-03 02:15:00,45.47614600725764
2023-01-03 02:30:00,45.47614600725764
2023-01-03 02:45:00,45.47614600725764
2023-01-03 03:00:00,81.17802817807495
2023-01-03 03:15:00,81.17802817807495
2023-01-03 03:30:00,81.17802817807495
2023-01-03 03:45:00,81.17802817807495
2023-01-03 04:00:00,86.89860448065062
2023-01-03 04:15:00,86.89860448065062
2023-01-03 04:30:00,86.89860448065062
2023-01-03 04:45:00,86.89860448065062
2023-01-03 05:00:00,75.7808228774381
2023-01-03 05:15:00,75.7808228774381
2023-01-03 05:30:00,75.7808228774381
2023-01-03 05:45:00,75.7808228774381
2023-01-03 06:00:00,163.20801463630545
2023-01-03 06:15:00,163.20801463630545
2023-01-03 06:30:00,163.20801463630545
2023-01-03 06:45:00,163.20801463630545
2023-01-03 07:00:00,48.33589023315253
2023-01-03 07:15:00,48.33589023315253
2023-01-03 07:30:00,48.33589023315253
2023-01-03 07:45:00,48.33589023315253
2023-01-03 08:00:00,68.99099909346137
2023-01-03 08:15:00,68.99099909346137
2023-01-03 08:30:00,68.99099909346137
2023-01-03 08:45:00,68.99099909346137
2023-01-03 09:00:00,89.34629074839829
2023-01-03 09:15:00,89.34629074839829
2023-01-03 09:30:00,89.34629074839829
2023-01-03 09:45:00,89.34629074839829
2023-01-03 10:00:00,194.8436920908084
2023-01-03 10:15:00,194.8436920908084
2023-01-03 10:30:00,194.8436920908084
2023-01-03 10:45:00,194.8436920908084
2023-01-03 11:00:00,174.79342527764192
2023-01-03 11:15:00,174.79342527764192
2023-01-03 11:30:00,174.79342527764192
2023-01-03 11:45:00,174.79342527764192
2023-01-03 12:00:00,355.11811958199706
2023-01-03 12:15:00,355.11811958199706
2023-01-03 12:30:00,355.11811958199706
2023-01-03 12:45:00,355.11811958199706
2023-01-03 13:00:00,926.765914979124
2023-01-03 13:15:00,926.765914979124
2023-01-03 13:30:00,926.765914979124
2023-01-03 13:45:00,926.765914979124
2023-01-03 14:00:00,695.2341877469776
2023-01-03 14:15:00,695.2341877469776
2023-01-03 14:30:00,695.2341877469776
2023-01-03 14:45:00,695.2341877469776
2023-01-03 15:00:00,219.5940796765347
2023-01-03 15:15:00,219.5940796765347
2023-01-03 15:30:00,219.5940796765347
2023-01-03 15:45:00,219.5940796765347
2023-01-03 16:00:00,869.6859017833756
2023-01-03 16:15:00,869.6859017833756
2023-01-03 16:30:00,869.6859017833756
2023-01-03 16:45:00,869.6859017833756
2023-01-03 17:00:00,997.840906091245
2023-01-03 17:15:00,997.840906091245
2023-01-03 17:30:00,997.840906091245
2023-01-03 17:45:00,997.840906091245
2023-01-03 18:00:00,256.318059331686
2023-01-03 18:15:00,256.318059331686
2023-01-03 18:30:00,256.318059331686
2023-01-03 18:45:00,256.318059331686
2023-01-03 19:00:00,214.8726209526296
2023-01-03 19:15:00,214.8726209526296
2023-01-03 19:30:00,214.8726209526296
2023-01-03 19:45:00,214.8726209526296
2023-01-03 20:00:00,195.69825948113717
2023-01-03 20:15:00,195.69825948113717
2023-01-03 20:30:00,195.69825948113717
2023-01-03 20:45:00,195.69825948113717
2023-01-03 21:00:00,187.3019325616546
2023-01-03 21:15:00,187.3019325616546
2023-01-03 21:30:00,187.3019325616546
2023-01-03 21:45:00,187.3019325616546
2023-01-03 22:00:00,104.29994343134236
2023-01-03 22:15:00,104.29994343134236
2023-01-03 22:30:00,104.29994343134236
2023-01-03 22:45:00,104.29994343134236
2023-01-03 23:00:00,77.61690151634905
2023-01-03 23:15:00,77.61690151634905
2023-01-03 23:30:00,77.61690151634905
2023-01-03 23:45:00,77.61690151634905
2023-01-04 00:00:00,56.32784534730698
2023-01-04 00:15:00,56.32784534730698
2023-01-04 00:30:00,56.32784534730698
2023-01-04 00:45:00,56.32784534730698
2023-01-04 01:00:00,63.48674293828597
2023-01-04 01:15:00,63.48674293828597
2023-01-04 01:30:00,63.48674293828597
2023-01-04 01:45:00,63.48674293828597
2023-01-04 02:00:00,33.99768408106841
2023-01-04 02:15:00,33.99768408106841
2023-01-04 02:30:00,33.99768408106841
2023-01-04 02:45:00,33.99768408106841
2023-01-04 03:00:00,67.12906702419836
2023-01-04 03:15:00,67.12906702419836
2023-01-04 03:30:00,67.12906702419836
2023-01-04 03:45:00,67.12906702419836
2023-01-04 04:00:00,51.96577256789632
2023-01-04 04:15:00,51.96577256789632
2023-01-04 04:30:00,51.96577256789632
2023-01-04 04:45:00,51.96577256789632
2023-01-04 05:00:00,106.08474481141
2023-01-04 05:15:00,106.08474481141
2023-01-04 05:30:00,106.08474481141
2023-01-04 05:45:00,106.08474481141
2023-01-04 06:00:00,153.02580274631637
2023-01-04 06:15:00,153.02580274631637
2023-01-04 06:30:00,153.02580274631637
2023-01-04 06:45:00,153.02580274631637
2023-01-04 07:00:00,65.60596597252102
2023-01-04 07:15:00,65.60596597252102
2023-01-04 07:30:00,65.60596597252102
2023-01-04 07:45:00,65.60596597252102
2023-01-04 08:00:00,99.74305109115086
2023-01-04 08:15:00,99.74305109115086
2023-01-04 08:30:00,99.74305109115086
2023-01-04 08:45:00,99.74305109115086
2023-01-04 09:00:00,68.20482437201821
2023-01-04 09:15:00,68.20482437201821
2023-01-04 09:30:00,68.20482437201821
2023-01-04 09:45:00,68.20482437201821
2023-01-04 10:00:00,198.7444065723788
2023-01-04 10:15:00,198.7444065723788
2023-01-04 10:30:00,198.7444065723788
2023-01-04 10:45:00,198.7444065723788
2023-01-04 11:00:00,147.16738326779054
2023-01-04 11:15:00,147.16738326779054
2023-01-04 11:30:00,147.16738326779054
2023-01-04 11:45:00,147.16738326779054
2023-01-04 12:00:00,847.0069399588763
2023-01-04 12:15:00,847.0069399588763
2023-01-04 12:30:00,847.0069399588763
2023-01-04 12:45:00,847.0069399588763
2023-01-04 13:00:00,163.4631406466437
2023-01-04 13:15:00,163.4631406466437
2023-01-04 13:30:00,163.4631406466437
2023-01-04 13:45:00,163.4631406466437
2023-01-04 14:00:00,456.3157399356368
2023-01-04 14:15:00,456.3157399356368
2023-01-04 14:30:00,456.3157399356368
2023-01-04 14:45:00,456.3157399356368
2023-01-04 15:00:00,227.0411776436464
2023-01-04 15:15:00,227.0411776436464
2023-01-04 15:30:00,227.0411776436464
2023-01-04 15:45:00,227.0411776436464
2023-01-04 16:00:00,208.63702655521968
2023-01-04 16:15:00,208.63702655521968
2023-01-04 16:30:00,208.63702655521968
2023-01-04 16:45:00,208.63702655521968
2023-01-04 17:00:00,229.3303898951931
2023-01-04 17:15:00,229.3303898951931
2023-01-04 17:30:00,229.3303898951931
2023-01-04 17:45:00,229.3303898951931
2023-01-04 18:00:00,382.8679333572183
2023-01-04 18:15:00,382.8679333572183
2023-01-04 18:30:00,382.8679333572183
2023-01-04 18:45:00,382.8679333572183
2023-01-04 19:00:00,960.1266967177512
2023-01-04 19:15:00,960.1266967177512
2023-01-04 19:30:00,960.1266967177512
2023-01-04 19:45:00,960.1266967177512
2023-01-04 20:00:00,790.6892727710435
2023-01-04 20:15:00,790.6892727710435
2023-01-04 20:30:00,790.6892727710435
2023-01-04 20:45:00,790.6892727710435
2023-01-04 21:00:00,485.7595126368415
2023-01-04 21:15:00,485.7595126368415
2023-01-04 21:30:00,485.7595126368415
2023-01-04 21:45:00,485.7595126368415
2023-01-04 22:00:00,92.14996912777376
2023-01-04 22:15:00,92.14996912777376
2023-01-04 22:30:00,92.14996912777376
2023-01-04 22:45:00,92.14996912777376
2023-01-04 23:00:00,85.6757982159679
2023-01-04 23:15:00,85.6757982159679
2023-01-04 23:30:00,85.6757982159679
2023-01-04 23:45:00,85.6757982159679
2023-01-05 00:00:00,59.04915395667277
2023-01-05 00:15:00,59.04915395667277
2023-01-05 00:30:00,59.04915395667277
2023-01-05 00:45:00,59.04915395667277
2023-01-05 01:00:00,86.06223853889571
2023-01-05 01:15:00,86.06223853889571
2023-01-05 01:30:00,86.06223853889571
2023-01-05 01:45:00,86.06223853889571
2023-01-05 02:00:00,58.62238833387915
2023-01-05 02:15:00,58.62238833387915
2023-01-05 02:30:00,58.62238833387915
2023-01-05 02:45:00,58.62238833387915
2023-01-05 03:00:00,53.70280069218089
2023-01-05 03:15:00,53.70280069218089
2023-01-05 03:30:00,53.70280069218089
2023-01-05 03:45:00,53.70280069218089
2023-01-05 04:00:00,51.57434959024202
2023-01-05 04:15:00,51.57434959024202
2023-01-05 04:30:00,51.57434959024202
2023-01-05 04:45:00,51.57434959024202
2023-01-05 05:00:00,131.55778987797365
2023-01-05 05:15:00,131.55778987797365
2023-01-05 05:30:00,131.55778987797365
2023-01-05 05:45:00,131.55778987797365
2023-01-05 06:00:00,121.6225205262024
2023-01-05 06:15:00,121.6225205262024
2023-01-05 06:30:00,121.6225205262024
2023-01-05 06:45:00,121.6225205262024
2023-01-05 07:00:00,75.95793207923114
2023-01-05 07:15:00,75.95793207923114
2023-01-05 07:30:00,75.95793207923114
2023-01-05 07:45:00,75.95793207923114
2023-01-05 08:00:00,706.6995837415083
2023-01-05 08:15:00,706.6995837415083
2023-01-05 08:30:00,706.6995837415083
2023-01-05 08:45:00,706.6995837415083
2023-01-05 09:00:00,846.4678908383684
2023-01-05 09:15:00,846.4678908383684
2023-01-05 09:30:00,846.4678908383684
2023-01-05 09:45:00,846.4678908383684
2023-01-05 10:00:00,978.2213388193376
2023-01-05 10:15:00,978.2213388193376
2023-01-05 10:30:00,978.2213388193376
2023-01-05 10:45:00,978.2213388193376
2023-01-05 11:00:00,937.9919256167836
2023-01-05 11:15:00,937.9919256167836
2023-01-05 11:30:00,937.9919256167836
2023-01-05 11:45:00,937.9919256167836
2023-01-05 12:00:00,606.2159473043963
2023-01-05 12:15:00,606.2159473043963
2023-01-05 12:30:00,606.2159473043963
2023-01-05 12:45:00,606.2159473043963
2023-01-05 13:00:00,131.1415327689455
2023-01-05 13:15:00,131.1415327689455
2023-01-05 13:30:00,131.1415327689455
2023-01-05 13:45:00,131.1415327689455
2023-01-05 14:00:00,185.4377516578472
2023-01-05 14:15:00,185.4377516578472
2023-01-05 14:30:00,185.4377516578472
2023-01-05 14:45:00,185.4377516578472
2023-01-05 15:00:00,231.4907201980172
2023-01-05 15:15:00,231.4907201980172
2023-01-05 15:30:00,231.4907201980172
2023-01-05 15:45:00,231.4907201980172
2023-01-05 16:00:00,228.3564752909741
2023-01-05 16:15:00,228.3564752909741
2023-01-05 16:30:00,228.3564752909741
2023-01-05 16:45:00,228.3564752909741
2023-01-05 17:00:00,206.32558956555727
2023-01-05 17:15:00,206.32558956555727
2023-01-05 17:30:00,206.32558956555727
2023-01-05 17:45:00,206.32558956555727
2023-01-05 18:00:00,189.16069931307084
2023-01-05 18:15:00,189.16069931307084
2023-01-05 18:30:00,189.16069931307084
2023-01-05 18:45:00,189.16069931307084
2023-01-05 19:00:00,219.9503565418227
2023-01-05 19:15:00,219.9503565418227
2023-01-05 19:30:00,219.9503565418227
2023-01-05 19:45:00,219.9503565418227
2023-01-05 20:00:00,213.0228839768524
2023-01-05 20:15:00,213.0228839768524
2023-01-05 20:30:00,213.0228839768524
2023-01-05 20:45:00,213.0228839768524
2023-01-05 21:00:00,183.50087329346363
2023-01-05 21:15:00,183.50087329346363
2023-01-05 21:30:00,183.50087329346363
2023-01-05 21:45:00,183.50087329346363
2023-01-05 22:00:00,120.70256382966303
2023-01-05 22:15:00,120.70256382966303
2023-01-05 22:30:00,120.70256382966303
2023-01-05 22:45:00,120.70256382966303
2023-01-05 23:00:00,71.80225593617112
2023-01-05 23:15:00,71.80225593617112
2023-01-05 23:30:00,71.80225593617112
2023-01-05 23:45:00,71.80225593617112
2023-01-06 00:00:00,50.327483253630426
2023-01-06 00:15:00,50.327483253630426
2023-01-06 00:30:00,50.327483253630426
2023-01-06 00:45:00,50.327483253630426
2023-01-06 01:00:00,71.29975760001221
2023-01-06 01:15:00,71.29975760001221
2023-01-06 01:30:00,71.29975760001221
2023-01-06 01:45:00,71.29975760001221
2023-01-06 02:00:00,36.85770854243231
2023-01-06 02:15:00,36.85770854243231
2023-01-06 02:30:00,36.85770854243231
2023-01-06 02:45:00,36.85770854243231
2023-01-06 03:00:00,59.04255690376422
2023-01-06 03:15:00,59.04255690376422
2023-01-06 03:30:00,59.04255690376422
2023-01-06 03:45:00,59.04255690376422
2023-01-06 04:00:00,78.46789346014856
2023-01-06 04:15:00,78.46789346014856
2023-01-06 04:30:00,78.46789346014856
2023-01-06 04:45:00,78.46789346014856
2023-01-06 05:00:00,115.28043718246856
2023-01-06 05:15:00,115.28043718246856
2023-01-06 05:30:00,115.28043718246856
2023-01-06 05:45:00,115.28043718246856
2023-01-06 06:00:00,110.07819353998086
2023-01-06 06:15:00,110.07819353998086
2023-01-06 06:30:00,110.07819353998086
2023-01-06 06:45:00,110.07819353998086
2023-01-06 07:00:00,87.67817152474223
2023-01-06 07:15:00,87.67817152474223
2023-01-06 07:30:00,87.67817152474223
2023-01-06 07:45:00,87.67817152474223
2023-01-06 08:00:00,99.87783079936209
2023-01-06 08:15:00,99.87783079936209
2023-01-06 08:30:00,99.87783079936209
2023-01-06 08:45:00,99.87783079936209
2023-01-06 09:00:00,102.5770488490418
2023-01-06 09:15:00,102.5770488490418
2023-01-06 09:30:00,102.5770488490418
2023-01-06 09:45:00,102.5770488490418
2023-01-06 10:00:00,186.0466547006589
2023-01-06 10:15:00,186.0466547006589
2023-01-06 10:30:00,186.0466547006589
2023-01-06 10:45:00,186.0466547006589
2023-01-06 11:00:00,827.361179404431
2023-01-06 11:15:00,827.361179404431
2023-01-06 11:30:00,827.361179404431
2023-01-06 11:45:00,827.361179404431
2023-01-06 12:00:00,484.2794376028851
2023-01-06 12:15:00,484.2794376028851
2023-01-06 12:30:00,484.2794376028851
2023-01-06 12:45:00,484.2794376028851
2023-01-06 13:00:00,193.44227544969047
2023-01-06 13:15:00,193.44227544969047
2023-01-06 13:30:00,193.44227544969047
2023-01-06 13:45:00,193.44227544969047
2023-01-06 14:00:00,843.7378978400255
2023-01-06 14:15:00,843.7378978400255
2023-01-06 14:30:00,843.7378978400255
2023-01-06 14:45:00,843.7378978400255
2023-01-06 15:00:00,581.8611368609377
2023-01-06 15:15:00,581.8611368609377
2023-01-06 15:30:00,581.8611368609377
2023-01-06 15:45:00,581.8611368609377
2023-01-06 16:00:00,231.5173460044229
2023-01-06 16:15:00,231.5173460044229
2023-01-06 16:30:00,231.5173460044229
2023-01-06 16:45:00,231.5173460044229
2023-01-06 17:00:00,262.7420798603925
2023-01-06 17:15:00,262.7420798603925
2023-01-06 17:30:00,262.7420798603925
2023-01-06 17:45:00,262.7420798603925
2023-01-06 18:00:00,201.7516193061356
2023-01-06 18:15:00,201.7516193061356
2023-01-06 18:30:00,201.7516193061356
2023-01-06 18:45:00,201.7516193061356
2023-01-06 19:00:00,977.8988199153616
2023-01-06 19:15:00,977.8988199153616
2023-01-06 19:30:00,977.8988199153616
2023-01-06 19:45:00,977.8988199153616
2023-01-06 20:00:00,222.84425881741208
2023-01-06 20:15:00,222.84425881741208
2023-01-06 20:30:00,222.84425881741208
2023-01-06 20:45:00,222.84425881741208
2023-01-06 21:00:00,201.9092275395289
2023-01-06 21:15:00,201.9092275395289
2023-01-06 21:30:00,201.9092275395289
2023-01-06 21:45:00,201.9092275395289
2023-01-06 22:00:00,163.10932269305846
2023-01-06 22:15:00,163.10932269305846
2023-01-06 22:30:00,163.10932269305846
2023-01-06 22:45:00,163.10932269305846
2023-01-06 23:00:00,85.29176408125412
2023-01-06 23:15:00,85.29176408125412
2023-01-06 23:30:00,85.29176408125412
2023-01-06 23:45:00,85.29176408125412
2023-01-07 00:00:00,65.9207842909175
2023-01-07 00:15:00,65.9207842909175
2023-01-07 00:30:00,65.9207842909175
2023-01-07 00:45:00,65.9207842909175
2023-01-07 01:00:00,32.556142521553454
2023-01-07 01:15:00,32.556142521553454
2023-01-07 01:30:00,32.556142521553454
2023-01-07 01:45:00,32.556142521553454
2023-01-07 02:00:00,49.1965761179714
2023-01-07 02:15:00,49.1965761179714
2023-01-07 02:30:00,49.1965761179714
2023-01-07 02:45:00,49.1965761179714
2023-01-07 03:00:00,25.703930373956855
2023-01-07 03:15:00,25.703930373956855
2023-01-07 03:30:00,25.703930373956855
2023-01-07 03:45:00,25.703930373956855
2023-01-07 04:00:00,65.47790923809399
2023-01-07 04:15:00,65.47790923809399
2023-01-07 04:30:00,65.47790923809399
2023-01-07 04:45:00,65.47790923809399
2023-01-07 05:00:00,102.17084879757682
2023-01-07 05:15:00,102.17084879757682
2023-01-07 05:30:00,102.17084879757682
2023-01-07 05:45:00,102.17084879757682
2023-01-07 06:00:00,89.5520021759876
2023-01-07 06:15:00,89.5520021759876
2023-01-07 06:30:00,89.5520021759876
2023-01-07 06:45:00,89.5520021759876
2023-01-07 07:00:00,70.63044369863131
2023-01-07 07:15:00,70.63044369863131
2023-01-07 07:30:00,70.63044369863131
2023-01-07 07:45:00,70.63044369863131
2023-01-07 08:00:00,358.0801465361136
2023-01-07 08:15:00,358.0801465361136
2023-01-07 08:30:00,358.0801465361136
2023-01-07 08:45:00,358.0801465361136
2023-01-07 09:00:00,448.40776687359374
2023-01-07 09:15:00,448.40776687359374
2023-01-07 09:30:00,448.40776687359374
2023-01-07 09:45:00,448.40776687359374
2023-01-07 10:00:00,102.6500186234901
2023-01-07 10:15:00,102.6500186234901
2023-01-07 10:30:00,102.6500186234901
2023-01-07 10:45:00,102.6500186234901
2023-01-07 11:00:00,262.0813648538434
2023-01-07 11:15:00,262.0813648538434
2023-01-07 11:30:00,262.0813648538434
2023-01-07 11:45:00,262.0813648538434
2023-01-07 12:00:00,872.2666528598901
2023-01-07 12:15:00,872.2666528598901
2023-01-07 12:30:00,872.2666528598901
2023-01-07 12:45:00,872.2666528598901
2023-01-07 13:00:00,500.5753299800383
2023-01-07 13:15:00,500.5753299800383
2023-01-07 13:30:00,500.5753299800383
2023-01-07 13:45:00,500.5753299800383
2023-01-07 14:00:00,112.79873884857216
2023-01-07 14:15:00,112.79873884857216
2023-01-07 14:30:00,112.79873884857216
2023-01-07 14:45:00,112.79873884857216
2023-01-07 15:00:00,116.2822131658726
2023-01-07 15:15:00,116.2822131658726
2023-01-07 15:30:00,116.2822131658726
2023-01-07 15:45:00,116.2822131658726
2023-01-07 16:00:00,139.53591344423936
2023-01-07 16:15:00,139.53591344423936
2023-01-07 16:30:00,139.53591344423936
2023-01-07 16:45:00,139.53591344423936
2023-01-07 17:00:00,282.48618463517164
2023-01-07 17:15:00,282.48618463517164
2023-01-07 17:30:00,282.48618463517164
2023-01-07 17:45:00,282.48618463517164
2023-01-07 18:00:00,805.0079044903968
2023-01-07 18:15:00,805.0079044903968
2023-01-07 18:30:00,805.0079044903968
2023-01-07 18:45:00,805.0079044903968
2023-01-07 19:00:00,169.09725249367813
2023-01-07 19:15:00,169.09725249367813
2023-01-07 19:30:00,169.09725249367813
2023-01-07 19:45:00,169.09725249367813
2023-01-07 20:00:00,158.76028103919384
2023-01-07 20:15:00,158.76028103919384
2023-01-07 20:30:00,158.76028103919384
2023-01-07 20:45:00,158.76028103919384
2023-01-07 21:00:00,141.90015003414632
2023-01-07 21:15:00,141.90015003414632
2023-01-07 21:30:00,141.90015003414632
2023-01-07 21:45:00,141.90015003414632
2023-01-07 22:00:00,126.7121396435626
2023-01-07 22:15:00,126.7121396435626
2023-01-07 22:30:00,126.7121396435626
2023-01-07 22:45:00,126.7121396435626
2023-01-07 23:00:00,42.78563344224213
2023-01-07 23:15:00,42.78563344224213
2023-01-07 23:30:00,42.78563344224213
2023-01-07 23:45:00,42.78563344224213
2023-01-08 00:00:00,61.9563780641549
2023-01-08 00:15:00,61.9563780641549
2023-01-08 00:30:00,61.9563780641549
2023-01-08 00:45:00,61.9563780641549
2023-01-08 01:00:00,65.48023063224488
2023-01-08 01:15:00,65.48023063224488
2023-01-08 01:30:00,65.48023063224488
2023-01-08 01:45:00,65.48023063224488
2023-01-08 02:00:00,43.10029997313893
2023-01-08 02:15:00,43.10029997313893
2023-01-08 02:30:00,43.10029997313893
2023-01-08 02:45:00,43.10029997313893
2023-01-08 03:00:00,30.21369496621889
2023-01-08 03:15:00,30.21369496621889
2023-01-08 03:30:00,30.21369496621889
2023-01-08 03:45:00,30.21369496621889
2023-01-08 04:00:00,65.58155278723714
2023-01-08 04:15:00,65.58155278723714
2023-01-08 04:30:00,65.58155278723714
2023-01-08 04:45:00,65.58155278723714
2023-01-08 05:00:00,69.48878343488984
2023-01-08 05:15:00,69.48878343488984
2023-01-08 05:30:00,69.48878343488984
2023-01-08 05:45:00,69.48878343488984
2023-01-08 06:00:00,79.5594020511655
2023-01-08 06:15:00,79.5594020511655
2023-01-08 06:30:00,79.5594020511655
2023-01-08 06:45:00,79.5594020511655
2023-01-08 07:00:00,57.99323009456376
2023-01-08 07:15:00,57.99323009456376
2023-01-08 07:30:00,57.99323009456376
2023-01-08 07:45:00,57.99323009456376
2023-01-08 08:00:00,69.27285700709677
2023-01-08 08:15:00,69.27285700709677
2023-01-08 08:30:00,69.27285700709677
2023-01-08 08:45:00,69.27285700709677
2023-01-08 09:00:00,665.6069558250497
2023-01-08 09:15:00,665.6069558250497
2023-01-08 09:30:00,665.6069558250497
2023-01-08 09:45:00,665.6069558250497
2023-01-08 10:00:00,94.52149656913296
2023-01-08 10:15:00,94.52149656913296
2023-01-08 10:30:00,94.52149656913296
2023-01-08 10:45:00,94.52149656913296
2023-01-08 11:00:00,68.48110457449648
2023-01-08 11:15:00,68.48110457449648
2023-01-08 11:30:00,68.48110457449648
2023-01-08 11:45:00,68.48110457449648
2023-01-08 12:00:00,128.66888034221864
2023-01-08 12:15:00,128.66888034221864
2023-01-08 12:30:00,128.66888034221864
2023-01-08 12:45:00,128.66888034221864
2023-01-08 13:00:00,669.7996786786765
2023-01-08 13:15:00,669.7996786786765
2023-01-08 13:30:00,669.7996786786765
2023-01-08 13:45:00,669.7996786786765
2023-01-08 14:00:00,880.8842349326994
2023-01-08 14:15:00,880.8842349326994
2023-01-08 14:30:00,880.8842349326994
2023-01-08 14:45:00,880.8842349326994
2023-01-08 15:00:00,359.4711584674971
2023-01-08 15:15:00,359.4711584674971
2023-01-08 15:30:00,359.4711584674971
2023-01-08 15:45:00,359.4711584674971
2023-01-08 16:00:00,123.95405701593428
2023-01-08 16:15:00,123.95405701593428
2023-01-08 16:30:00,123.95405701593428
2023-01-08 16:45:00,123.95405701593428
2023-01-08 17:00:00,126.57034320033632
2023-01-08 17:15:00,126.57034320033632
2023-01-08 17:30:00,126.57034320033632
2023-01-08 17:45:00,126.57034320033632
2023-01-08 18:00:00,93.43157964663338
2023-01-08 18:15:00,93.43157964663338
2023-01-08 18:30:00,93.43157964663338
2023-01-08 18:45:00,93.43157964663338
2023-01-08 19:00:00,153.82893956453228
2023-01-08 19:15:00,153.82893956453228
2023-01-08 19:30:00,153.82893956453228
2023-01-08 19:45:00,153.82893956453228
2023-01-08 20:00:00,428.2931118248889
2023-01-08 20:15:00,428.2931118248889
2023-01-08 20:30:00,428.2931118248889
2023-01-08 20:45:00,428.2931118248889
2023-01-08 21:00:00,551.4982340776249
2023-01-08 21:15:00,551.4982340776249
2023-01-08 21:30:00,551.4982340776249
2023-01-08 21:45:00,551.4982340776249
2023-01-08 22:00:00,99.06978768168628
2023-01-08 22:15:00,99.06978768168628
2023-01-08 22:30:00,99.06978768168628
2023-01-08 22:45:00,99.06978768168628
2023-01-08 23:00:00,78.54739982194364
2023-01-08 23:15:00,78.54739982194364
2023-01-08 23:30:00,78.54739982194364
2023-01-08 23:45:00,78.54739982194364
2023-01-09 00:00:00,83.13856793963546
2023-01-09 00:15:00,83.13856793963546
2023-01-09 00:30:00,83.13856793963546
2023-01-09 00:45:00,83.13856793963546
2023-01-09 01:00:00,81.56318473654262
2023-01-09 01:15:00,81.56318473654262
2023-01-09 01:30:00,81.56318473654262
2023-01-09 01:45:00,81.56318473654262
2023-01-09 02:00:00,83.59379217427258
2023-01-09 02:15:00,83.59379217427258
2023-01-09 02:30:00,83.59379217427258
2023-01-09 02:45:00,83.59379217427258
2023-01-09 03:00:00,74.52176817385713
2023-01-09 03:15:00,74.52176817385713
2023-01-09 03:30:00,74.52176817385713
2023-01-09 03:45:00,74.52176817385713
2023-01-09 04:00:00,52.52042999618471
2023-01-09 04:15:00,52.52042999618471
2023-01-09 04:30:00,52.52042999618471
2023-01-09 04:45:00,52.52042999618471
2023-01-09 05:00:00,88.27430060509298
2023-01-09 05:15:00,88.27430060509298
2023-01-09 05:30:00,88.27430060509298
2023-01-09 05:45:00,88.27430060509298
2023-01-09 06:00:00,113.65048130389958
2023-01-09 06:15:00,113.65048130389958
2023-01-09 06:30:00,113.65048130389958
2023-01-09 06:45:00,113.65048130389958
2023-01-09 07:00:00,79.76861722821207
2023-01-09 07:15:00,79.76861722821207
2023-01-09 07:30:00,79.76861722821207
2023-01-09 07:45:00,79.76861722821207
2023-01-09 08:00:00,288.86499172104186
2023-01-09 08:15:00,288.86499172104186
2023-01-09 08:30:00,288.86499172104186
2023-01-09 08:45:00,288.86499172104186
2023-01-09 09:00:00,73.86626035482875
2023-01-09 09:15:00,73.86626035482875
2023-01-09 09:30:00,73.86626035482875
2023-01-09 09:45:00,73.86626035482875
2023-01-09 10:00:00,181.57231270989095
2023-01-09 10:15:00,181.57231270989095
2023-01-09 10:30:00,181.57231270989095
2023-01-09 10:45:00,181.57231270989095
2023-01-09 11:00:00,448.7525731247988
2023-01-09 11:15:00,448.7525731247988
2023-01-09 11:30:00,448.7525731247988
2023-01-09 11:45:00,448.7525731247988
2023-01-09 12:00:00,755.2572615862928
2023-01-09 12:15:00,755.2572615862928
2023-01-09 12:30:00,755.2572615862928
2023-01-09 12:45:00,755.2572615862928
2023-01-09 13:00:00,335.66494602765744
2023-01-09 13:15:00,335.66494602765744
2023-01-09 13:30:00,335.66494602765744
2023-01-09 13:45:00,335.66494602765744
2023-01-09 14:00:00,152.72781568276474
2023-01-09 14:15:00,152.72781568276474
2023-01-09 14:30:00,152.72781568276474
2023-01-09 14:45:00,152.72781568276474
2023-01-09 15:00:00,275.2541922069076
2023-01-09 15:15:00,275.2541922069076
2023-01-09 15:30:00,275.2541922069076
2023-01-09 15:45:00,275.2541922069076
2023-01-09 16:00:00,936.0630267478728
2023-01-09 16:15:00,936.0630267478728
2023-01-09 16:30:00,936.0630267478728
2023-01-09 16:45:00,936.0630267478728
2023-01-09 17:00:00,986.2219847556864
2023-01-09 17:15:00,986.2219847556864
2023-01-09 17:30:00,986.2219847556864
2023-01-09 17:45:00,986.2219847556864
2023-01-09 18:00:00,818.4531818685806
2023-01-09 18:15:00,818.4531818685806
2023-01-09 18:30:00,818.4531818685806
2023-01-09 18:45:00,818.4531818685806
2023-01-09 19:00:00,216.6320468667226
2023-01-09 19:15:00,216.6320468667226
2023-01-09 19:30:00,216.6320468667226
2023-01-09 19:45:00,216.6320468667226
2023-01-09 20:00:00,196.81160648816416
2023-01-09 20:15:00,196.81160648816416
2023-01-09 20:30:00,196.81160648816416
2023-01-09 20:45:00,196.81160648816416
2023-01-09 21:00:00,145.60512466521388
2023-01-09 21:15:00,145.60512466521388
2023-01-09 21:30:00,145.60512466521388
2023-01-09 21:45:00,145.60512466521388
2023-01-09 22:00:00,150.38978118729182
2023-01-09 22:15:00,150.38978118729182
2023-01-09 22:30:00,150.38978118729182
2023-01-09 22:45:00,150.38978118729182
2023-01-09 23:00:00,53.62153091143807
2023-01-09 23:15:00,53.62153091143807
2023-01-09 23:30:00,53.62153091143807
2023-01-09 23:45:00,53.62153091143807
2023-01-10 00:00:00,74.13619820520879
2023-01-10 00:15:00,74.13619820520879
2023-01-10 00:30:00,74.13619820520879
2023-01-10 00:45:00,74.13619820520879
2023-01-10 01:00:00,57.47774866448535
2023-01-10 01:15:00,57.47774866448535
2023-01-10 01:30:00,57.47774866448535
2023-01-10 01:45:00,57.47774866448535
2023-01-10 02:00:00,43.05284464745336
2023-01-10 02:15:00,43.05284464745336
2023-01-10 02:30:00,43.05284464745336
2023-01-10 02:45:00,43.05284464745336
2023-01-10 03:00:00,46.17492208839786
2023-01-10 03:15:00,46.17492208839786
2023-01-10 03:30:00,46.17492208839786
2023-01-10 03:45:00,46.17492208839786
2023-01-10 04:00:00,78.71693852352587
2023-01-10 04:15:00,78.71693852352587
2023-01-10 04:30:00,78.71693852352587
2023-01-10 04:45:00,78.71693852352587
2023-01-10 05:00:00,99.32452230053806
2023-01-10 05:15:00,99.32452230053806
2023-01-10 05:30:00,99.32452230053806
2023-01-10 05:45:00,99.32452230053806
2023-01-10 06:00:00,153.2887077574445
2023-01-10 06:15:00,153.2887077574445
2023-01-10 06:30:00,153.2887077574445
2023-01-10 06:45:00,153.2887077574445
2023-01-10 07:00:00,573.7246369144963
2023-01-10 07:15:00,573.7246369144963
2023-01-10 07:30:00,573.7246369144963
2023-01-10 07:45:00,573.7246369144963
2023-01-10 08:00:00,841.7497052235101
2023-01-10 08:15:00,841.7497052235101
2023-01-10 08:30:00,841.7497052235101
2023-01-10 08:45:00,841.7497052235101
2023-01-10 09:00:00,861.5524429354625
2023-01-10 09:15:00,861.5524429354625
2023-01-10 09:30:00,861.5524429354625
2023-01-10 09:45:00,861.5524429354625
2023-01-10 10:00:00,412.8770096782574
2023-01-10 10:15:00,412.8770096782574
2023-01-10 10:30:00,412.8770096782574
2023-01-10 10:45:00,412.8770096782574
2023-01-10 11:00:00,136.3388094484673
2023-01-10 11:15:00,136.3388094484673
2023-01-10 11:30:00,136.3388094484673
2023-01-10 11:45:00,136.3388094484673
2023-01-10 12:00:00,206.90272206430785
2023-01-10 12:15:00,206.90272206430785
2023-01-10 12:30:00,206.90272206430785
2023-01-10 12:45:00,206.90272206430785
2023-01-10 13:00:00,651.2892733870142
2023-01-10 13:15:00,651.2892733870142
2023-01-10 13:30:00,651.2892733870142
2023-01-10 13:45:00,651.2892733870142
2023-01-10 14:00:00,390.0063426598896
2023-01-10 14:15:00,390.0063426598896
2023-01-10 14:30:00,390.0063426598896
2023-01-10 14:45:00,390.0063426598896
2023-01-10 15:00:00,210.0983126429855
2023-01-10 15:15:00,210.0983126429855
2023-01-10 15:30:00,210.0983126429855
2023-01-10 15:45:00,210.0983126429855
2023-01-10 16:00:00,255.79940427004163
2023-01-10 16:15:00,255.79940427004163
2023-01-10 16:30:00,255.79940427004163
2023-01-10 16:45:00,255.79940427004163
2023-01-10 17:00:00,266.41387046847194
2023-01-10 17:15:00,266.41387046847194
2023-01-10 17:30:00,266.41387046847194
2023-01-10 17:45:00,266.41387046847194
2023-01-10 18:00:00,190.11696555448617
2023-01-10 18:15:00,190.11696555448617
2023-01-10 18:30:00,190.11696555448617
2023-01-10 18:45:00,190.11696555448617
2023-01-10 19:00:00,216.84301681383775
2023-01-10 19:15:00,216.84301681383775
2023-01-10 19:30:00,216.84301681383775
2023-01-10 19:45:00,216.84301681383775
2023-01-10 20:00:00,233.99729335514365
2023-01-10 20:15:00,233.99729335514365
2023-01-10 20:30:00,233.99729335514365
2023-01-10 20:45:00,233.99729335514365
2023-01-10 21:00:00,170.14810286239702
2023-01-10 21:15:00,170.14810286239702
2023-01-10 21:30:00,170.14810286239702
2023-01-10 21:45:00,170.14810286239702
2023-01-10 22:00:00,158.74283563408198
2023-01-10 22:15:00,158.74283563408198
2023-01-10 22:30:00,158.74283563408198
2023-01-10 22:45:00,158.74283563408198
2023-01-10 23:00:00,102.27669696782849
2023-01-10 23:15:00,102.27669696782849
2023-01-10 23:30:00,102.27669696782849
2023-01-10 23:45:00,102.27669696782849
2023-01-11 00:00:00,70.56610135876362
2023-01-11 00:15:00,70.56610135876362
2023-01-11 00:30:00,70.56610135876362
2023-01-11 00:45:00,70.56610135876362
2023-01-11 01:00:00,71.79644171042636
2023-01-11 01:15:00,71.79644171042636
2023-01-11 01:30:00,71.79644171042636
2023-01-11 01:45:00,71.79644171042636
2023-01-11 02:00:00,71.46564572794145
2023-01-11 02:15:00,71.46564572794145
2023-01-11 02:30:00,71.46564572794145
2023-01-11 02:45:00,71.46564572794145
2023-01-11 03:00:00,70.18352718830131
2023-01-11 03:15:00,70.18352718830131
2023-01-11 03:30:00,70.18352718830131
2023-01-11 03:45:00,70.18352718830131
2023-01-11 04:00:00,68.28171270436428
2023-01-11 04:15:00,68.28171270436428
2023-01-11 04:30:00,68.28171270436428
2023-01-11 04:45:00,68.28171270436428
2023-01-11 05:00:00,86.20254681864955
2023-01-11 05:15:00,86.20254681864955
2023-01-11 05:30:00,86.20254681864955
2023-01-11 05:45:00,86.20254681864955
2023-01-11 06:00:00,142.7739803956174
2023-01-11 06:15:00,142.7739803956174
2023-01-11 06:30:00,142.7739803956174
2023-01-11 06:45:00,142.7739803956174
2023-01-11 07:00:00,49.8891497833057
2023-01-11 07:15:00,49.8891497833057
2023-01-11 07:30:00,49.8891497833057
2023-01-11 07:45:00,49.8891497833057
2023-01-11 08:00:00,93.18694764896686
2023-01-11 08:15:00,93.18694764896686
2023-01-11 08:30:00,93.18694764896686
2023-01-11 08:45:00,93.18694764896686
2023-01-11 09:00:00,87.11257797675063
2023-01-11 09:15:00,87.11257797675063
2023-01-11 09:30:00,87.11257797675063
2023-01-11 09:45:00,87.11257797675063
2023-01-11 10:00:00,224.5694450487941
2023-01-11 10:15:00,224.5694450487941
2023-01-11 10:30:00,224.5694450487941
2023-01-11 10:45:00,224.5694450487941
2023-01-11 11:00:00,177.7126357914495
2023-01-11 11:15:00,177.7126357914495
2023-01-11 11:30:00,177.7126357914495
2023-01-11 11:45:00,177.7126357914495
2023-01-11 12:00:00,236.81380780497344
2023-01-11 12:15:00,236.81380780497344
2023-01-11 12:30:00,236.81380780497344
2023-01-11 12:45:00,236.81380780497344
2023-01-11 13:00:00,200.44467565675612
2023-01-11 13:15:00,200.44467565675612
2023-01-11 13:30:00,200.44467565675612
2023-01-11 13:45:00,200.44467565675612
2023-01-11 14:00:00,785.1513541184235
2023-01-11 14:15:00,785.1513541184235
2023-01-11 14:30:00,785.1513541184235
2023-01-11 14:45:00,785.1513541184235
2023-01-11 15:00:00,975.0653421245206
2023-01-11 15:15:00,975.0653421245206
2023-01-11 15:30:00,975.0653421245206
2023-01-11 15:45:00,975.0653421245206
2023-01-11 16:00:00,970.3002474300092
2023-01-11 16:15:00,970.3002474300092
2023-01-11 16:30:00,970.3002474300092
2023-01-11 16:45:00,970.3002474300092
2023-01-11 17:00:00,1005.1223632560896
2023-01-11 17:15:00,1005.1223632560896
2023-01-11 17:30:00,1005.1223632560896
2023-01-11 17:45:00,1005.1223632560896
2023-01-11 18:00:00,258.47078093914484
2023-01-11 18:15:00,258.47078093914484
2023-01-11 18:30:00,258.47078093914484
2023-01-11 18:45:00,258.47078093914484
2023-01-11 19:00:00,189.3855348227783
2023-01-11 19:15:00,189.3855348227783
2023-01-11 19:30:00,189.3855348227783
2023-01-11 19:45:00,189.3855348227783
2023-01-11 20:00:00,179.32235347938712
2023-01-11 20:15:00,179.32235347938712
2023-01-11 20:30:00,179.32235347938712
2023-01-11 20:45:00,179.32235347938712
2023-01-11 21:00:00,165.97165449764367
2023-01-11 21:15:00,165.97165449764367
2023-01-11 21:30:00,165.97165449764367
2023-01-11 21:45:00,165.97165449764367
2023-01-11 22:00:00,120.40735304698018
2023-01-11 22:15:00,120.40735304698018
2023-01-11 22:30:00,120.40735304698018
2023-01-11 22:45:00,120.40735304698018
2023-01-11 23:00:00,56.40824265692172
2023-01-11 23:15:00,56.40824265692172
2023-01-11 23:30:00,56.40824265692172
2023-01-11 23:45:00,56.40824265692172
2023-01-12 00:00:00,77.5570202442032
2023-01-12 00:15:00,77.5570202442032
2023-01-12 00:30:00,77.5570202442032
2023-01-12 00:45:00,77.5570202442032
2023-01-12 01:00:00,96.3968191704599
2023-01-12 01:15:00,96.3968191704599
2023-01-12 01:30:00,96.3968191704599
2023-01-12 01:45:00,96.3968191704599
2023-01-12 02:00:00,78.7648895626137
2023-01-12 02:15:00,78.7648895626137
2023-01-12 02:30:00,78.7648895626137
2023-01-12 02:45:00,78.7648895626137
2023-01-12 03:00:00,29.323264188009095
2023-01-12 03:15:00,29.323264188009095
2023-01-12 03:30:00,29.323264188009095
2023-01-12 03:45:00,29.323264188009095
2023-01-12 04:00:00,24.946596450582543
2023-01-12 04:15:00,24.946596450582543
2023-01-12 04:30:00,24.946596450582543
2023-01-12 04:45:00,24.946596450582543
2023-01-12 05:00:00,108.04959171573198
2023-01-12 05:15:00,108.04959171573198
2023-01-12 05:30:00,108.04959171573198
2023-01-12 05:45:00,108.04959171573198
2023-01-12 06:00:00,149.7967891234747
2023-01-12 06:15:00,149.7967891234747
2023-01-12 06:30:00,149.7967891234747
2023-01-12 06:45:00,149.7967891234747
2023-01-12 07:00:00,66.86848372104392
2023-01-12 07:15:00,66.86848372104392
2023-01-12 07:30:00,66.86848372104392
2023-01-12 07:45:00,66.86848372104392
2023-01-12 08:00:00,137.06774812675195
2023-01-12 08:15:00,137.06774812675195
2023-01-12 08:30:00,137.06774812675195
2023-01-12 08:45:00,137.06774812675195
2023-01-12 09:00:00,130.56973072346426
2023-01-12 09:15:00,130.56973072346426
2023-01-12 09:30:00,130.56973072346426
2023-01-12 09:45:00,130.56973072346426
2023-01-12 10:00:00,192.3098602436878
2023-01-12 10:15:00,192.3098602436878
2023-01-12 10:30:00,192.3098602436878
2023-01-12 10:45:00,192.3098602436878
2023-01-12 11:00:00,186.24305148764603
2023-01-12 11:15:00,186.24305148764603
2023-01-12 11:30:00,186.24305148764603
2023-01-12 11:45:00,186.24305148764603
2023-01-12 12:00:00,161.52316818300787
2023-01-12 12:15:00,161.52316818300787
2023-01-12 12:30:00,161.52316818300787
2023-01-12 12:45:00,161.52316818300787
2023-01-12 13:00:00,158.54811180585648
2023-01-12 13:15:00,158.54811180585648
2023-01-12 13:30:00,158.54811180585648
2023-01-12 13:45:00,158.54811180585648
2023-01-12 14:00:00,166.2080549725664
2023-01-12 14:15:00,166.2080549725664
2023-01-12 14:30:00,166.2080549725664
2023-01-12 14:45:00,166.2080549725664
2023-01-12 15:00:00,868.2124776008928
2023-01-12 15:15:00,868.2124776008928
2023-01-12 15:30:00,868.2124776008928
2023-01-12 15:45:00,868.2124776008928
2023-01-12 16:00:00,319.1473879052371
2023-01-12 16:15:00,319.1473879052371
2023-01-12 16:30:00,319.1473879052371
2023-01-12 16:45:00,319.1473879052371
2023-01-12 17:00:00,554.0837110818081
2023-01-12 17:15:00,554.0837110818081
2023-01-12 17:30:00,554.0837110818081
2023-01-12 17:45:00,554.0837110818081
2023-01-12 18:00:00,899.6788258386172
2023-01-12 18:15:00,899.6788258386172
2023-01-12 18:30:00,899.6788258386172
2023-01-12 18:45:00,899.6788258386172
2023-01-12 19:00:00,965.8439976922818
2023-01-12 19:15:00,965.8439976922818
2023-01-12 19:30:00,965.8439976922818
2023-01-12 19:45:00,965.8439976922818
2023-01-12 20:00:00,356.03016466830235
2023-01-12 20:15:00,356.03016466830235
2023-01-12 20:30:00,356.03016466830235
2023-01-12 20:45:00,356.03016466830235
2023-01-12 21:00:00,149.3751768419433
2023-01-12 21:15:00,149.3751768419433
2023-01-12 21:30:00,149.3751768419433
2023-01-12 21:45:00,149.3751768419433
2023-01-12 22:00:00,117.85114135572069
2023-01-12 22:15:00,117.85114135572069
2023-01-12 22:30:00,117.85114135572069
2023-01-12 22:45:00,117.85114135572069
2023-01-12 23:00:00,61.61528320608024
2023-01-12 23:15:00,61.61528320608024
2023-01-12 23:30:00,61.61528320608024
2023-01-12 23:45:00,61.61528320608024
2023-01-13 00:00:00,64.19834495282947
2023-01-13 00:15:00,64.19834495282947
2023-01-13 00:30:00,64.19834495282947
2023-01-13 00:45:00,64.19834495282947
2023-01-13 01:00:00,75.3752980708153
2023-01-13 01:15:00,75.3752980708153
2023-01-13 01:30:00,75.3752980708153
2023-01-13 01:45:00,75.3752980708153
2023-01-13 02:00:00,68.5828333664997
2023-01-13 02:15:00,68.5828333664997
2023-01-13 02:30:00,68.5828333664997
2023-01-13 02:45:00,68.5828333664997
2023-01-13 03:00:00,49.594993546626846
2023-01-13 03:15:00,49.594993546626846
2023-01-13 03:30:00,49.594993546626846
2023-01-13 03:45:00,49.594993546626846
2023-01-13 04:00:00,64.2015313054622
2023-01-13 04:15:00,64.2015313054622
2023-01-13 04:30:00,64.2015313054622
2023-01-13 04:45:00,64.2015313054622
2023-01-13 05:00:00,91.40480186424315
2023-01-13 05:15:00,91.40480186424315
2023-01-13 05:30:00,91.40480186424315
2023-01-13 05:45:00,91.40480186424315
2023-01-13 06:00:00,99.75414602956135
2023-01-13 06:15:00,99.75414602956135
2023-01-13 06:30:00,99.75414602956135
2023-01-13 06:45:00,99.75414602956135
2023-01-13 07:00:00,62.05960366347683
2023-01-13 07:15:00,62.05960366347683
2023-01-13 07:30:00,62.05960366347683
2023-01-13 07:45:00,62.05960366347683
2023-01-13 08:00:00,69.30883525176871
2023-01-13 08:15:00,69.30883525176871
2023-01-13 08:30:00,69.30883525176871
2023-01-13 08:45:00,69.30883525176871
2023-01-13 09:00:00,88.9208428559871
2023-01-13 09:15:00,88.9208428559871
2023-01-13 09:30:00,88.9208428559871
2023-01-13 09:45:00,88.9208428559871
2023-01-13 10:00:00,103.45404805991278
2023-01-13 10:15:00,103.45404805991278
2023-01-13 10:30:00,103.45404805991278
2023-01-13 10:45:00,103.45404805991278
2023-01-13 11:00:00,72.07897222295229
2023-01-13 11:15:00,72.07897222295229
2023-01-13 11:30:00,72.07897222295229
2023-01-13 11:45:00,72.07897222295229
2023-01-13 12:00:00,654.9859404633714
2023-01-13 12:15:00,654.9859404633714
2023-01-13 12:30:00,654.9859404633714
2023-01-13 12:45:00,654.9859404633714
2023-01-13 13:00:00,878.9993586088997
2023-01-13 13:15:00,878.9993586088997
2023-01-13 13:30:00,878.9993586088997
2023-01-13 13:45:00,878.9993586088997
2023-01-13 14:00:00,553.2717570222095
2023-01-13 14:15:00,553.2717570222095
2023-01-13 14:30:00,553.2717570222095
2023-01-13 14:45:00,553.2717570222095
2023-01-13 15:00:00,162.8316380267017
2023-01-13 15:15:00,162.8316380267017
2023-01-13 15:30:00,162.8316380267017
2023-01-13 15:45:00,162.8316380267017
2023-01-13 16:00:00,150.08733051673622
2023-01-13 16:15:00,150.08733051673622
2023-01-13 16:30:00,150.08733051673622
2023-01-13 16:45:00,150.08733051673622
2023-01-13 17:00:00,147.324140278934
2023-01-13 17:15:00,147.324140278934
2023-01-13 17:30:00,147.324140278934
2023-01-13 17:45:00,147.324140278934
2023-01-13 18:00:00,189.3682821923419
2023-01-13 18:15:00,189.3682821923419
2023-01-13 18:30:00,189.3682821923419
2023-01-13 18:45:00,189.3682821923419
2023-01-13 19:00:00,943.36840910144
2023-01-13 19:15:00,943.36840910144
2023-01-13 19:30:00,943.36840910144
2023-01-13 19:45:00,943.36840910144
2023-01-13 20:00:00,667.0557822526428
2023-01-13 20:15:00,667.0557822526428
2023-01-13 20:30:00,667.0557822526428
2023-01-13 20:45:00,667.0557822526428
2023-01-13 21:00:00,135.3679057190719
2023-01-13 21:15:00,135.3679057190719
2023-01-13 21:30:00,135.3679057190719
2023-01-13 21:45:00,135.3679057190719
2023-01-13 22:00:00,125.97279121958378
2023-01-13 22:15:00,125.97279121958378
2023-01-13 22:30:00,125.97279121958378
2023-01-13 22:45:00,125.97279121958378
2023-01-13 23:00:00,72.13535300125983
2023-01-13 23:15:00,72.13535300125983
2023-01-13 23:30:00,72.13535300125983
2023-01-13 23:45:00,72.13535300125983
2023-01-14 00:00:00,72.37085058312782
2023-01-14 00:15:00,72.37085058312782
2023-01-14 00:30:00,72.37085058312782
2023-01-14 00:45:00,72.37085058312782
2023-01-14 01:00:00,60.27475447467246
2023-01-14 01:15:00,60.27475447467246
2023-01-14 01:30:00,60.27475447467246
2023-01-14 01:45:00,60.27475447467246
2023-01-14 02:00:00,62.03584049360396
2023-01-14 02:15:00,62.03584049360396
2023-01-14 02:30:00,62.03584049360396
2023-01-14 02:45:00,62.03584049360396
2023-01-14 03:00:00,51.95584482464062
2023-01-14 03:15:00,51.95584482464062
2023-01-14 03:30:00,51.95584482464062
2023-01-14 03:45:00,51.95584482464062
2023-01-14 04:00:00,33.996253271083006
2023-01-14 04:15:00,33.996253271083006
2023-01-14 04:30:00,33.996253271083006
2023-01-14 04:45:00,33.996253271083006
2023-01-14 05:00:00,103.99297751576316
2023-01-14 05:15:00,103.99297751576316
2023-01-14 05:30:00,103.99297751576316
2023-01-14 05:45:00,103.99297751576316
2023-01-14 06:00:00,116.57599535236903
2023-01-14 06:15:00,116.57599535236903
2023-01-14 06:30:00,116.57599535236903
2023-01-14 06:45:00,116.57599535236903
2023-01-14 07:00:00,72.23496074188566
2023-01-14 07:15:00,72.23496074188566
2023-01-14 07:30:00,72.23496074188566
2023-01-14 07:45:00,72.23496074188566
2023-01-14 08:00:00,50.94206339755074
2023-01-14 08:15:00,50.94206339755074
2023-01-14 08:30:00,50.94206339755074
2023-01-14 08:45:00,50.94206339755074
2023-01-14 09:00:00,61.96006718515069
2023-01-14 09:15:00,61.96006718515069
2023-01-14 09:30:00,61.96006718515069
2023-01-14 09:45:00,61.96006718515069
2023-01-14 10:00:00,83.06346865833714
2023-01-14 10:15:00,83.06346865833714
2023-01-14 10:30:00,83.06346865833714
2023-01-14 10:45:00,83.06346865833714
2023-01-14 11:00:00,79.49662151850924
2023-01-14 11:15:00,79.49662151850924
2023-01-14 11:30:00,79.49662151850924
2023-01-14 11:45:00,79.49662151850924
2023-01-14 12:00:00,118.0102730605665
2023-01-14 12:15:00,118.0102730605665
2023-01-14 12:30:00,118.0102730605665
2023-01-14 12:45:00,118.0102730605665
2023-01-14 13:00:00,466.66858805301
2023-01-14 13:15:00,466.66858805301
2023-01-14 13:30:00,466.66858805301
2023-01-14 13:45:00,466.66858805301
2023-01-14 14:00:00,879.6360265885587
2023-01-14 14:15:00,879.6360265885587
2023-01-14 14:30:00,879.6360265885587
2023-01-14 14:45:00,879.6360265885587
2023-01-14 15:00:00,890.4973593964876
2023-01-14 15:15:00,890.4973593964876
2023-01-14 15:30:00,890.4973593964876
2023-01-14 15:45:00,890.4973593964876
2023-01-14 16:00:00,196.96452373608983
2023-01-14 16:15:00,196.96452373608983
2023-01-14 16:30:00,196.96452373608983
2023-01-14 16:45:00,196.96452373608983
2023-01-14 17:00:00,168.78491172738512
2023-01-14 17:15:00,168.78491172738512
2023-01-14 17:30:00,168.78491172738512
2023-01-14 17:45:00,168.78491172738512
2023-01-14 18:00:00,498.7776335217613
2023-01-14 18:15:00,498.7776335217613
2023-01-14 18:30:00,498.7776335217613
2023-01-14 18:45:00,498.7776335217613
2023-01-14 19:00:00,973.759517334949
2023-01-14 19:15:00,973.759517334949
2023-01-14 19:30:00,973.759517334949
2023-01-14 19:45:00,973.759517334949
2023-01-14 20:00:00,242.8623043709053
2023-01-14 20:15:00,242.8623043709053
2023-01-14 20:30:00,242.8623043709053
2023-01-14 20:45:00,242.8623043709053
2023-01-14 21:00:00,170.0641101149328
2023-01-14 21:15:00,170.0641101149328
2023-01-14 21:30:00,170.0641101149328
2023-01-14 21:45:00,170.0641101149328
2023-01-14 22:00:00,117.19667839151508
2023-01-14 22:15:00,117.19667839151508
2023-01-14 22:30:00,117.19667839151508
2023-01-14 22:45:00,117.19667839151508
2023-01-14 23:00:00,67.35238358685075
2023-01-14 23:15:00,67.35238358685075
2023-01-14 23:30:00,67.35238358685075
2023-01-14 23:45:00,67.35238358685075
2023-01-15 00:00:00,56.98616310151459
2023-01-15 00:15:00,56.98616310151459
2023-01-15 00:30:00,56.98616310151459
2023-01-15 00:45:00,56.98616310151459
2023-01-15 01:00:00,84.9437588280729
2023-01-15 01:15:00,84.9437588280729
2023-01-15 01:30:00,84.9437588280729
2023-01-15 01:45:00,84.9437588280729
2023-01-15 02:00:00,65.68279385965707
2023-01-15 02:15:00,65.68279385965707
2023-01-15 02:30:00,65.68279385965707
2023-01-15 02:45:00,65.68279385965707
2023-01-15 03:00:00,28.25342207686352
2023-01-15 03:15:00,28.25342207686352
2023-01-15 03:30:00,28.25342207686352
2023-01-15 03:45:00,28.25342207686352
2023-01-15 04:00:00,55.32130543463015
2023-01-15 04:15:00,55.32130543463015
2023-01-15 04:30:00,55.32130543463015
2023-01-15 04:45:00,55.32130543463015
2023-01-15 05:00:00,114.08968119911168
2023-01-15 05:15:00,114.08968119911168
2023-01-15 05:30:00,114.08968119911168
2023-01-15 05:45:00,114.08968119911168
2023-01-15 06:00:00,106.50356057431776
2023-01-15 06:15:00,106.50356057431776
2023-01-15 06:30:00,106.50356057431776
2023-01-15 06:45:00,106.50356057431776
2023-01-15 07:00:00,58.976882137311534
2023-01-15 07:15:00,58.976882137311534
2023-01-15 07:30:00,58.976882137311534
2023-01-15 07:45:00,58.976882137311534
2023-01-15 08:00:00,112.81429139069976
2023-01-15 08:15:00,112.81429139069976
2023-01-15 08:30:00,112.81429139069976
2023-01-15 08:45:00,112.81429139069976
2023-01-15 09:00:00,91.24837320822776
2023-01-15 09:15:00,91.24837320822776
2023-01-15 09:30:00,91.24837320822776
2023-01-15 09:45:00,91.24837320822776
2023-01-15 10:00:00,200.7437229161678
2023-01-15 10:15:00,200.7437229161678
2023-01-15 10:30:00,200.7437229161678
2023-01-15 10:45:00,200.7437229161678
2023-01-15 11:00:00,156.80583327207898
2023-01-15 11:15:00,156.80583327207898
2023-01-15 11:30:00,156.80583327207898
2023-01-15 11:45:00,156.80583327207898
2023-01-15 12:00:00,296.2502718370061
2023-01-15 12:15:00,296.2502718370061
2023-01-15 12:30:00,296.2502718370061
2023-01-15 12:45:00,296.2502718370061
2023-01-15 13:00:00,910.4011147729434
2023-01-15 13:15:00,910.4011147729434
2023-01-15 13:30:00,910.4011147729434
2023-01-15 13:45:00,910.4011147729434
2023-01-15 14:00:00,949.490292494596
2023-01-15 14:15:00,949.490292494596
2023-01-15 14:30:00,949.490292494596
2023-01-15 14:45:00,949.490292494596
2023-01-15 15:00:00,957.3906239872848
2023-01-15 15:15:00,957.3906239872848
2023-01-15 15:30:00,957.3906239872848
2023-01-15 15:45:00,957.3906239872848
2023-01-15 16:00:00,861.8872800967199
2023-01-15 16:15:00,861.8872800967199
2023-01-15 16:30:00,861.8872800967199
2023-01-15 16:45:00,861.8872800967199
2023-01-15 17:00:00,234.7710017479356
2023-01-15 17:15:00,234.7710017479356
2023-01-15 17:30:00,234.7710017479356
2023-01-15 17:45:00,234.7710017479356
2023-01-15 18:00:00,206.06632105595608
2023-01-15 18:15:00,206.06632105595608
2023-01-15 18:30:00,206.06632105595608
2023-01-15 18:45:00,206.06632105595608
2023-01-15 19:00:00,215.34442228712584
2023-01-15 19:15:00,215.34442228712584
2023-01-15 19:30:00,215.34442228712584
2023-01-15 19:45:00,215.34442228712584
2023-01-15 20:00:00,218.3263485102214
2023-01-15 20:15:00,218.3263485102214
2023-01-15 20:30:00,218.3263485102214
2023-01-15 20:45:00,218.3263485102214
2023-01-15 21:00:00,172.5889420239809
2023-01-15 21:15:00,172.5889420239809
2023-01-15 21:30:00,172.5889420239809
2023-01-15 21:45:00,172.5889420239809
2023-01-15 22:00:00,92.3749633287398
2023-01-15 22:15:00,92.3749633287398
2023-01-15 22:30:00,92.3749633287398
2023-01-15 22:45:00,92.3749633287398
2023-01-15 23:00:00,76.74060284914552
2023-01-15 23:15:00,76.74060284914552
2023-01-15 23:30:00,76.74060284914552
2023-01-15 23:45:00,76.74060284914552
2023-01-16 00:00:00,63.50326254780784
2023-01-16 00:15:00,63.50326254780784
2023-01-16 00:30:00,63.50326254780784
2023-01-16 00:45:00,63.50326254780784
2023-01-16 01:00:00,77.83369549031173
2023-01-16 01:15:00,77.83369549031173
2023-01-16 01:30:00,77.83369549031173
2023-01-16 01:45:00,77.83369549031173
2023-01-16 02:00:00,67.57936139530689
2023-01-16 02:15:00,67.57936139530689
2023-01-16 02:30:00,67.57936139530689
2023-01-16 02:45:00,67.57936139530689
2023-01-16 03:00:00,78.61364466831897
2023-01-16 03:15:00,78.61364466831897
2023-01-16 03:30:00,78.61364466831897
2023-01-16 03:45:00,78.61364466831897
2023-01-16 04:00:00,77.26181848876219
2023-01-16 04:15:00,77.26181848876219
2023-01-16 04:30:00,77.26181848876219
2023-01-16 04:45:00,77.26181848876219
2023-01-16 05:00:00,80.88754578232181
2023-01-16 05:15:00,80.88754578232181
2023-01-16 05:30:00,80.88754578232181
2023-01-16 05:45:00,80.88754578232181
2023-01-16 06:00:00,117.30343738659266
2023-01-16 06:15:00,117.30343738659266
2023-01-16 06:30:00,117.30343738659266
2023-01-16 06:45:00,117.30343738659266
2023-01-16 07:00:00,82.44179413271014
2023-01-16 07:15:00,82.44179413271014
2023-01-16 07:30:00,82.44179413271014
2023-01-16 07:45:00,82.44179413271014
2023-01-16 08:00:00,75.54637874760823
2023-01-16 08:15:00,75.54637874760823
2023-01-16 08:30:00,75.54637874760823
2023-01-16 08:45:00,75.54637874760823
2023-01-16 09:00:00,79.61360481701716
2023-01-16 09:15:00,79.61360481701716
2023-01-16 09:30:00,79.61360481701716
2023-01-16 09:45:00,79.61360481701716
2023-01-16 10:00:00,388.2397364524874
2023-01-16 10:15:00,388.2397364524874
2023-01-16 10:30:00,388.2397364524874
2023-01-16 10:45:00,388.2397364524874
2023-01-16 11:00:00,925.3850228544804
2023-01-16 11:15:00,925.3850228544804
2023-01-16 11:30:00,925.3850228544804
2023-01-16 11:45:00,925.3850228544804
2023-01-16 12:00:00,941.0431483053133
2023-01-16 12:15:00,941.0431483053133
2023-01-16 12:30:00,941.0431483053133
2023-01-16 12:45:00,941.0431483053133
2023-01-16 13:00:00,907.6957592465196
2023-01-16 13:15:00,907.6957592465196
2023-01-16 13:30:00,907.6957592465196
2023-01-16 13:45:00,907.6957592465196
2023-01-16 14:00:00,728.4916025848447
2023-01-16 14:15:00,728.4916025848447
2023-01-16 14:30:00,728.4916025848447
2023-01-16 14:45:00,728.4916025848447
2023-01-16 15:00:00,208.9144429244452
2023-01-16 15:15:00,208.9144429244452
2023-01-16 15:30:00,208.9144429244452
2023-01-16 15:45:00,208.9144429244452
2023-01-16 16:00:00,232.10373008412745
2023-01-16 16:15:00,232.10373008412745
2023-01-16 16:30:00,232.10373008412745
2023-01-16 16:45:00,232.10373008412745
2023-01-16 17:00:00,219.82144484254104
2023-01-16 17:15:00,219.82144484254104
2023-01-16 17:30:00,219.82144484254104
2023-01-16 17:45:00,219.82144484254104
2023-01-16 18:00:00,159.7353795888588
2023-01-16 18:15:00,159.7353795888588
2023-01-16 18:30:00,159.7353795888588
2023-01-16 18:45:00,159.7353795888588
2023-01-16 19:00:00,241.11909479549703
2023-01-16 19:15:00,241.11909479549703
2023-01-16 19:30:00,241.11909479549703
2023-01-16 19:45:00,241.11909479549703
2023-01-16 20:00:00,232.08661248899105
2023-01-16 20:15:00,232.08661248899105
2023-01-16 20:30:00,232.08661248899105
2023-01-16 20:45:00,232.08661248899105
2023-01-16 21:00:00,166.25745563894387
2023-01-16 21:15:00,166.25745563894387
2023-01-16 21:30:00,166.25745563894387
2023-01-16 21:45:00,166.25745563894387
2023-01-16 22:00:00,136.07030453846053
2023-01-16 22:15:00,136.07030453846053
2023-01-16 22:30:00,136.07030453846053
2023-01-16 22:45:00,136.07030453846053
2023-01-16 23:00:00,94.39006924982824
2023-01-16 23:15:00,94.39006924982824
2023-01-16 23:30:00,94.39006924982824
2023-01-16 23:45:00,94.39006924982824
2023-01-17 00:00:00,104.11788173948936
2023-01-17 00:15:00,104.11788173948936
2023-01-17 00:30:00,104.11788173948936
2023-01-17 00:45:00,104.11788173948936
2023-01-17 01:00:00,85.18832114491872
2023-01-17 01:15:00,85.18832114491872
2023-01-17 01:30:00,85.18832114491872
2023-01-17 01:45:00,85.18832114491872
2023-01-17 02:00:00,69.42453590403673
2023-01-17 02:15:00,69.42453590403673
2023-01-17 02:30:00,69.42453590403673
2023-01-17 02:45:00,69.42453590403673
2023-01-17 03:00:00,69.14259239453607
2023-01-17 03:15:00,69.14259239453607
2023-01-17 03:30:00,69.14259239453607
2023-01-17 03:45:00,69.14259239453607
2023-01-17 04:00:00,34.57280294580398
2023-01-17 04:15:00,34.57280294580398
2023-01-17 04:30:00,34.57280294580398
2023-01-17 04:45:00,34.57280294580398
2023-01-17 05:00:00,88.77531117315951
2023-01-17 05:15:00,88.77531117315951
2023-01-17 05:30:00,88.77531117315951
2023-01-17 05:45:00,88.77531117315951
2023-01-17 06:00:00,121.33457181129168
2023-01-17 06:15:00,121.33457181129168
2023-01-17 06:30:00,121.33457181129168
2023-01-17 06:45:00,121.33457181129168
2023-01-17 07:00:00,48.05088413615331
2023-01-17 07:15:00,48.05088413615331
2023-01-17 07:30:00,48.05088413615331
2023-01-17 07:45:00,48.05088413615331
2023-01-17 08:00:00,87.4553391582355
2023-01-17 08:15:00,87.4553391582355
2023-01-17 08:30:00,87.4553391582355
2023-01-17 08:45:00,87.4553391582355
2023-01-17 09:00:00,77.51579233993883
2023-01-17 09:15:00,77.51579233993883
2023-01-17 09:30:00,77.51579233993883
2023-01-17 09:45:00,77.51579233993883
2023-01-17 10:00:00,217.4854217193378
2023-01-17 10:15:00,217.4854217193378
2023-01-17 10:30:00,217.4854217193378
2023-01-17 10:45:00,217.4854217193378
2023-01-17 11:00:00,162.75851857058404
2023-01-17 11:15:00,162.75851857058404
2023-01-17 11:30:00,162.75851857058404
2023-01-17 11:45:00,162.75851857058404
2023-01-17 12:00:00,822.0005336053077
2023-01-17 12:15:00,822.0005336053077
2023-01-17 12:30:00,822.0005336053077
2023-01-17 12:45:00,822.0005336053077
2023-01-17 13:00:00,881.9082016772995
2023-01-17 13:15:00,881.9082016772995
2023-01-17 13:30:00,881.9082016772995
2023-01-17 13:45:00,881.9082016772995
2023-01-17 14:00:00,921.9289028735034
2023-01-17 14:15:00,921.9289028735034
2023-01-17 14:30:00,921.9289028735034
2023-01-17 14:45:00,921.9289028735034
2023-01-17 15:00:00,784.6988172823953
2023-01-17 15:15:00,784.6988172823953
2023-01-17 15:30:00,784.6988172823953
2023-01-17 15:45:00,784.6988172823953
2023-01-17 16:00:00,248.30111460369363
2023-01-17 16:15:00,248.30111460369363
2023-01-17 16:30:00,248.30111460369363
2023-01-17 16:45:00,248.30111460369363
2023-01-17 17:00:00,217.4288168107804
2023-01-17 17:15:00,217.4288168107804
2023-01-17 17:30:00,217.4288168107804
2023-01-17 17:45:00,217.4288168107804
2023-01-17 18:00:00,160.81460425957258
2023-01-17 18:15:00,160.81460425957258
2023-01-17 18:30:00,160.81460425957258
2023-01-17 18:45:00,160.81460425957258
2023-01-17 19:00:00,197.51374688063257
2023-01-17 19:15:00,197.51374688063257
2023-01-17 19:30:00,197.51374688063257
2023-01-17 19:45:00,197.51374688063257
2023-01-17 20:00:00,179.11956313505058
2023-01-17 20:15:00,179.11956313505058
2023-01-17 20:30:00,179.11956313505058
2023-01-17 20:45:00,179.11956313505058
2023-01-17 21:00:00,154.64199889163496
2023-01-17 21:15:00,154.64199889163496
2023-01-17 21:30:00,154.64199889163496
2023-01-17 21:45:00,154.64199889163496
2023-01-17 22:00:00,99.01510224199286
2023-01-17 22:15:00,99.01510224199286
2023-01-17 22:30:00,99.01510224199286
2023-01-17 22:45:00,99.01510224199286
2023-01-17 23:00:00,46.20506852240501
2023-01-17 23:15:00,46.20506852240501
2023-01-17 23:30:00,46.20506852240501
2023-01-17 23:45:00,46.20506852240501
2023-01-18 00:00:00,39.57184184903081
2023-01-18 00:15:00,39.57184184903081
2023-01-18 00:30:00,39.57184184903081
2023-01-18 00:45:00,39.57184184903081
2023-01-18 01:00:00,73.42234231609729
2023-01-18 01:15:00,73.42234231609729
2023-01-18 01:30:00,73.42234231609729
2023-01-18 01:45:00,73.42234231609729
2023-01-18 02:00:00,29.572073481735806
2023-01-18 02:15:00,29.572073481735806
2023-01-18 02:30:00,29.572073481735806
2023-01-18 02:45:00,29.572073481735806
2023-01-18 03:00:00,87.77546141892472
2023-01-18 03:15:00,87.77546141892472
2023-01-18 03:30:00,87.77546141892472
2023-01-18 03:45:00,87.77546141892472
2023-01-18 04:00:00,43.68416296294582
2023-01-18 04:15:00,43.68416296294582
2023-01-18 04:30:00,43.68416296294582
2023-01-18 04:45:00,43.68416296294582
2023-01-18 05:00:00,129.1231159856515
2023-01-18 05:15:00,129.1231159856515
2023-01-18 05:30:00,129.1231159856515
2023-01-18 05:45:00,129.1231159856515
2023-01-18 06:00:00,106.51361482143206
2023-01-18 06:15:00,106.51361482143206
2023-01-18 06:30:00,106.51361482143206
2023-01-18 06:45:00,106.51361482143206
2023-01-18 07:00:00,78.10538893329802
2023-01-18 07:15:00,78.10538893329802
2023-01-18 07:30:00,78.10538893329802
2023-01-18 07:45:00,78.10538893329802
2023-01-18 08:00:00,120.02377808343628
2023-01-18 08:15:00,120.02377808343628
2023-01-18 08:30:00,120.02377808343628
2023-01-18 08:45:00,120.02377808343628
2023-01-18 09:00:00,65.86045148295062
2023-01-18 09:15:00,65.86045148295062
2023-01-18 09:30:00,65.86045148295062
2023-01-18 09:45:00,65.86045148295062
2023-01-18 10:00:00,219.66966732162743
2023-01-18 10:15:00,219.66966732162743
2023-01-18 10:30:00,219.66966732162743
2023-01-18 10:45:00,219.66966732162743
2023-01-18 11:00:00,708.98780169455
2023-01-18 11:15:00,708.98780169455
2023-01-18 11:30:00,708.98780169455
2023-01-18 11:45:00,708.98780169455
2023-01-18 12:00:00,929.50947236631
2023-01-18 12:15:00,929.50947236631
2023-01-18 12:30:00,929.50947236631
2023-01-18 12:45:00,929.50947236631
2023-01-18 13:00:00,786.2663090348057
2023-01-18 13:15:00,786.2663090348057
2023-01-18 13:30:00,786.2663090348057
2023-01-18 13:45:00,786.2663090348057
2023-01-18 14:00:00,726.3070592097578
2023-01-18 14:15:00,726.3070592097578
2023-01-18 14:30:00,726.3070592097578
2023-01-18 14:45:00,726.3070592097578
2023-01-18 15:00:00,513.6837980051599
2023-01-18 15:15:00,513.6837980051599
2023-01-18 15:30:00,513.6837980051599
2023-01-18 15:45:00,513.6837980051599
2023-01-18 16:00:00,196.87461287967403
2023-01-18 16:15:00,196.87461287967403
2023-01-18 16:30:00,196.87461287967403
2023-01-18 16:45:00,196.87461287967403
2023-01-18 17:00:00,236.52980541346685
2023-01-18 17:15:00,236.52980541346685
2023-01-18 17:30:00,236.52980541346685
2023-01-18 17:45:00,236.52980541346685
2023-01-18 18:00:00,182.01293356840705
2023-01-18 18:15:00,182.01293356840705
2023-01-18 18:30:00,182.01293356840705
2023-01-18 18:45:00,182.01293356840705
2023-01-18 19:00:00,198.02578369091512
2023-01-18 19:15:00,198.02578369091512
2023-01-18 19:30:00,198.02578369091512
2023-01-18 19:45:00,198.02578369091512
2023-01-18 20:00:00,199.8926043076957
2023-01-18 20:15:00,199.8926043076957
2023-01-18 20:30:00,199.8926043076957
2023-01-18 20:45:00,199.8926043076957
2023-01-18 21:00:00,136.64679418698074
2023-01-18 21:15:00,136.64679418698074
2023-01-18 21:30:00,136.64679418698074
2023-01-18 21:45:00,136.64679418698074
2023-01-18 22:00:00,152.63966249187854
2023-01-18 22:15:00,152.63966249187854
2023-01-18 22:30:00,152.63966249187854
2023-01-18 22:45:00,152.63966249187854
2023-01-18 23:00:00,102.0337624072436
2023-01-18 23:15:00,102.0337624072436
2023-01-18 23:30:00,102.0337624072436
2023-01-18 23:45:00,102.0337624072436
2023-01-19 00:00:00,83.3061399108083
2023-01-19 00:15:00,83.3061399108083
2023-01-19 00:30:00,83.3061399108083
2023-01-19 00:45:00,83.3061399108083
2023-01-19 01:00:00,32.37423842770937
2023-01-19 01:15:00,32.37423842770937
2023-01-19 01:30:00,32.37423842770937
2023-01-19 01:45:00,32.37423842770937
2023-01-19 02:00:00,70.12323868465873
2023-01-19 02:15:00,70.12323868465873
2023-01-19 02:30:00,70.12323868465873
2023-01-19 02:45:00,70.12323868465873
2023-01-19 03:00:00,61.84433913792891
2023-01-19 03:15:00,61.84433913792891
2023-01-19 03:30:00,61.84433913792891
2023-01-19 03:45:00,61.84433913792891
2023-01-19 04:00:00,53.89965663731219
2023-01-19 04:15:00,53.89965663731219
2023-01-19 04:30:00,53.89965663731219
2023-01-19 04:45:00,53.89965663731219
2023-01-19 05:00:00,107.1932148677974
2023-01-19 05:15:00,107.1932148677974
2023-01-19 05:30:00,107.1932148677974
2023-01-19 05:45:00,107.1932148677974
2023-01-19 06:00:00,85.0102843602569
2023-01-19 06:15:00,85.0102843602569
2023-01-19 06:30:00,85.0102843602569
2023-01-19 06:45:00,85.0102843602569
2023-01-19 07:00:00,56.67949710394491
2023-01-19 07:15:00,56.67949710394491
2023-01-19 07:30:00,56.67949710394491
2023-01-19 07:45:00,56.67949710394491
2023-01-19 08:00:00,53.65829398207414
2023-01-19 08:15:00,53.65829398207414
2023-01-19 08:30:00,53.65829398207414
2023-01-19 08:45:00,53.65829398207414
2023-01-19 09:00:00,55.05076289748764
2023-01-19 09:15:00,55.05076289748764
2023-01-19 09:30:00,55.05076289748764
2023-01-19 09:45:00,55.05076289748764
2023-01-19 10:00:00,83.85057036210453
2023-01-19 10:15:00,83.85057036210453
2023-01-19 10:30:00,83.85057036210453
2023-01-19 10:45:00,83.85057036210453
2023-01-19 11:00:00,75.22816595849112
2023-01-19 11:15:00,75.22816595849112
2023-01-19 11:30:00,75.22816595849112
2023-01-19 11:45:00,75.22816595849112
2023-01-19 12:00:00,113.3497840303767
2023-01-19 12:15:00,113.3497840303767
2023-01-19 12:30:00,113.3497840303767
2023-01-19 12:45:00,113.3497840303767
2023-01-19 13:00:00,316.54900309103715
2023-01-19 13:15:00,316.54900309103715
2023-01-19 13:30:00,316.54900309103715
2023-01-19 13:45:00,316.54900309103715
2023-01-19 14:00:00,891.0358072897413
2023-01-19 14:15:00,891.0358072897413
2023-01-19 14:30:00,891.0358072897413
2023-01-19 14:45:00,891.0358072897413
2023-01-19 15:00:00,768.2565983166814
2023-01-19 15:15:00,768.2565983166814
2023-01-19 15:30:00,768.2565983166814
2023-01-19 15:45:00,768.2565983166814
2023-01-19 16:00:00,121.94991157663526
2023-01-19 16:15:00,121.94991157663526
2023-01-19 16:30:00,121.94991157663526
2023-01-19 16:45:00,121.94991157663526
2023-01-19 17:00:00,200.91332361516743
2023-01-19 17:15:00,200.91332361516743
2023-01-19 17:30:00,200.91332361516743
2023-01-19 17:45:00,200.91332361516743
2023-01-19 18:00:00,911.483034199543
2023-01-19 18:15:00,911.483034199543
2023-01-19 18:30:00,911.483034199543
2023-01-19 18:45:00,911.483034199543
2023-01-19 19:00:00,592.6986749315114
2023-01-19 19:15:00,592.6986749315114
2023-01-19 19:30:00,592.6986749315114
2023-01-19 19:45:00,592.6986749315114
2023-01-19 20:00:00,214.0242023493428
2023-01-19 20:15:00,214.0242023493428
2023-01-19 20:30:00,214.0242023493428
2023-01-19 20:45:00,214.0242023493428
2023-01-19 21:00:00,155.31445799163873
2023-01-19 21:15:00,155.31445799163873
2023-01-19 21:30:00,155.31445799163873
2023-01-19 21:45:00,155.31445799163873
2023-01-19 22:00:00,103.20519612315412
2023-01-19 22:15:00,103.20519612315412
2023-01-19 22:30:00,103.20519612315412
2023-01-19 22:45:00,103.20519612315412
2023-01-19 23:00:00,50.825043004532354
2023-01-19 23:15:00,50.825043004532354
2023-01-19 23:30:00,50.825043004532354
2023-01-19 23:45:00,50.825043004532354
2023-01-20 00:00:00,54.29179127348441
2023-01-20 00:15:00,54.29179127348441
2023-01-20 00:30:00,54.29179127348441
2023-01-20 00:45:00,54.29179127348441
2023-01-20 01:00:00,57.150402679066175
2023-01-20 01:15:00,57.150402679066175
2023-01-20 01:30:00,57.150402679066175
2023-01-20 01:45:00,57.150402679066175
2023-01-20 02:00:00,58.188308690957705
2023-01-20 02:15:00,58.188308690957705
2023-01-20 02:30:00,58.188308690957705
2023-01-20 02:45:00,58.188308690957705
2023-01-20 03:00:00,45.34389883448637
2023-01-20 03:15:00,45.34389883448637
2023-01-20 03:30:00,45.34389883448637
2023-01-20 03:45:00,45.34389883448637
2023-01-20 04:00:00,57.064755834955335
2023-01-20 04:15:00,57.064755834955335
2023-01-20 04:30:00,57.064755834955335
2023-01-20 04:45:00,57.064755834955335
2023-01-20 05:00:00,76.04281949940373
2023-01-20 05:15:00,76.04281949940373
2023-01-20 05:30:00,76.04281949940373
2023-01-20 05:45:00,76.04281949940373
2023-01-20 06:00:00,84.70815127144047
2023-01-20 06:15:00,84.70815127144047
2023-01-20 06:30:00,84.70815127144047
2023-01-20 06:45:00,84.70815127144047
2023-01-20 07:00:00,39.19669802791217
2023-01-20 07:15:00,39.19669802791217
2023-01-20 07:30:00,39.19669802791217
2023-01-20 07:45:00,39.19669802791217
2023-01-20 08:00:00,45.82566499804486
2023-01-20 08:15:00,45.82566499804486
2023-01-20 08:30:00,45.82566499804486
2023-01-20 08:45:00,45.82566499804486
2023-01-20 09:00:00,776.587664228415
2023-01-20 09:15:00,776.587664228415
2023-01-20 09:30:00,776.587664228415
2023-01-20 09:45:00,776.587664228415
2023-01-20 10:00:00,138.50687321821454
2023-01-20 10:15:00,138.50687321821454
2023-01-20 10:30:00,138.50687321821454
2023-01-20 10:45:00,138.50687321821454
2023-01-20 11:00:00,71.63154784135362
2023-01-20 11:15:00,71.63154784135362
2023-01-20 11:30:00,71.63154784135362
2023-01-20 11:45:00,71.63154784135362
2023-01-20 12:00:00,146.02556371711313
2023-01-20 12:15:00,146.02556371711313
2023-01-20 12:30:00,146.02556371711313
2023-01-20 12:45:00,146.02556371711313
2023-01-20 13:00:00,154.20397880859963
2023-01-20 13:15:00,154.20397880859963
2023-01-20 13:30:00,154.20397880859963
2023-01-20 13:45:00,154.20397880859963
2023-01-20 14:00:00,453.3319074282109
2023-01-20 14:15:00,453.3319074282109
2023-01-20 14:30:00,453.3319074282109
2023-01-20 14:45:00,453.3319074282109
2023-01-20 15:00:00,881.6179072974167
2023-01-20 15:15:00,881.6179072974167
2023-01-20 15:30:00,881.6179072974167
2023-01-20 15:45:00,881.6179072974167
2023-01-20 16:00:00,865.8863973186643
2023-01-20 16:15:00,865.8863973186643
2023-01-20 16:30:00,865.8863973186643
2023-01-20 16:45:00,865.8863973186643
2023-01-20 17:00:00,736.0320094010511
2023-01-20 17:15:00,736.0320094010511
2023-01-20 17:30:00,736.0320094010511
2023-01-20 17:45:00,736.0320094010511
2023-01-20 18:00:00,157.9772397890415
2023-01-20 18:15:00,157.9772397890415
2023-01-20 18:30:00,157.9772397890415
2023-01-20 18:45:00,157.9772397890415
2023-01-20 19:00:00,180.999377339074
2023-01-20 19:15:00,180.999377339074
2023-01-20 19:30:00,180.999377339074
2023-01-20 19:45:00,180.999377339074
2023-01-20 20:00:00,179.0836634357028
2023-01-20 20:15:00,179.0836634357028
2023-01-20 20:30:00,179.0836634357028
2023-01-20 20:45:00,179.0836634357028
2023-01-20 21:00:00,133.84485574394304
2023-01-20 21:15:00,133.84485574394304
2023-01-20 21:30:00,133.84485574394304
2023-01-20 21:45:00,133.84485574394304
2023-01-20 22:00:00,156.65270008211178
2023-01-20 22:15:00,156.65270008211178
2023-01-20 22:30:00,156.65270008211178
2023-01-20 22:45:00,156.65270008211178
2023-01-20 23:00:00,56.70707863172054
2023-01-20 23:15:00,56.70707863172054
2023-01-20 23:30:00,56.70707863172054
2023-01-20 23:45:00,56.70707863172054
2023-01-21 00:00:00,40.52909073663712
2023-01-21 00:15:00,40.52909073663712
2023-01-21 00:30:00,40.52909073663712
2023-01-21 00:45:00,40.52909073663712
2023-01-21 01:00:00,72.95269805930418
2023-01-21 01:15:00,72.95269805930418
2023-01-21 01:30:00,72.95269805930418
2023-01-21 01:45:00,72.95269805930418
2023-01-21 02:00:00,38.485049233986565
2023-01-21 02:15:00,38.485049233986565
2023-01-21 02:30:00,38.485049233986565
2023-01-21 02:45:00,38.485049233986565
2023-01-21 03:00:00,101.90225661084364
2023-01-21 03:15:00,101.90225661084364
2023-01-21 03:30:00,101.90225661084364
2023-01-21 03:45:00,101.90225661084364
2023-01-21 04:00:00,87.54256258084634
2023-01-21 04:15:00,87.54256258084634
2023-01-21 04:30:00,87.54256258084634
2023-01-21 04:45:00,87.54256258084634
2023-01-21 05:00:00,61.52585595292085
2023-01-21 05:15:00,61.52585595292085
2023-01-21 05:30:00,61.52585595292085
2023-01-21 05:45:00,61.52585595292085
2023-01-21 06:00:00,127.04673512115347
2023-01-21 06:15:00,127.04673512115347
2023-01-21 06:30:00,127.04673512115347
2023-01-21 06:45:00,127.04673512115347
2023-01-21 07:00:00,50.47376941444947
2023-01-21 07:15:00,50.47376941444947
2023-01-21 07:30:00,50.47376941444947
2023-01-21 07:45:00,50.47376941444947
2023-01-21 08:00:00,134.83372836195508
2023-01-21 08:15:00,134.83372836195508
2023-01-21 08:30:00,134.83372836195508
2023-01-21 08:45:00,134.83372836195508
2023-01-21 09:00:00,366.2655803853214
2023-01-21 09:15:00,366.2655803853214
2023-01-21 09:30:00,366.2655803853214
2023-01-21 09:45:00,366.2655803853214
2023-01-21 10:00:00,969.948933645561
2023-01-21 10:15:00,969.948933645561
2023-01-21 10:30:00,969.948933645561
2023-01-21 10:45:00,969.948933645561
2023-01-21 11:00:00,463.2602130902408
2023-01-21 11:15:00,463.2602130902408
2023-01-21 11:30:00,463.2602130902408
2023-01-21 11:45:00,463.2602130902408
2023-01-21 12:00:00,182.33276164034652
2023-01-21 12:15:00,182.33276164034652
2023-01-21 12:30:00,182.33276164034652
2023-01-21 12:45:00,182.33276164034652
2023-01-21 13:00:00,163.731418956862
2023-01-21 13:15:00,163.731418956862
2023-01-21 13:30:00,163.731418956862
2023-01-21 13:45:00,163.731418956862
2023-01-21 14:00:00,452.3231903404154
2023-01-21 14:15:00,452.3231903404154
2023-01-21 14:30:00,452.3231903404154
2023-01-21 14:45:00,452.3231903404154
2023-01-21 15:00:00,948.6765733053036
2023-01-21 15:15:00,948.6765733053036
2023-01-21 15:30:00,948.6765733053036
2023-01-21 15:45:00,948.6765733053036
2023-01-21 16:00:00,346.1326028186073
2023-01-21 16:15:00,346.1326028186073
2023-01-21 16:30:00,346.1326028186073
2023-01-21 16:45:00,346.1326028186073
2023-01-21 17:00:00,469.5493680504677
2023-01-21 17:15:00,469.5493680504677
2023-01-21 17:30:00,469.5493680504677
2023-01-21 17:45:00,469.5493680504677
2023-01-21 18:00:00,154.70631650200318
2023-01-21 18:15:00,154.70631650200318
2023-01-21 18:30:00,154.70631650200318
2023-01-21 18:45:00,154.70631650200318
2023-01-21 19:00:00,216.8260028838281
2023-01-21 19:15:00,216.8260028838281
2023-01-21 19:30:00,216.8260028838281
2023-01-21 19:45:00,216.8260028838281
2023-01-21 20:00:00,169.63040111324304
2023-01-21 20:15:00,169.63040111324304
2023-01-21 20:30:00,169.63040111324304
2023-01-21 20:45:00,169.63040111324304
2023-01-21 21:00:00,206.299568448635
2023-01-21 21:15:00,206.299568448635
2023-01-21 21:30:00,206.299568448635
2023-01-21 21:45:00,206.299568448635
2023-01-21 22:00:00,151.26238055709425
2023-01-21 22:15:00,151.26238055709425
2023-01-21 22:30:00,151.26238055709425
2023-01-21 22:45:00,151.26238055709425
2023-01-21 23:00:00,98.1367190430922
2023-01-21 23:15:00,98.1367190430922
2023-01-21 23:30:00,98.1367190430922
2023-01-21 23:45:00,98.1367190430922
2023-01-22 00:00:00,80.62751229850255
2023-01-22 00:15:00,80.62751229850255
2023-01-22 00:30:00,80.62751229850255
2023-01-22 00:45:00,80.62751229850255
2023-01-22 01:00:00,101.06780724343166
2023-01-22 01:15:00,101.06780724343166
2023-01-22 01:30:00,101.06780724343166
2023-01-22 01:45:00,101.06780724343166
2023-01-22 02:00:00,90.60563396961682
2023-01-22 02:15:00,90.60563396961682
2023-01-22 02:30:00,90.60563396961682
2023-01-22 02:45:00,90.60563396961682
2023-01-22 03:00:00,90.74214467484283
2023-01-22 03:15:00,90.74214467484283
2023-01-22 03:30:00,90.74214467484283
2023-01-22 03:45:00,90.74214467484283
2023-01-22 04:00:00,54.067207407455975
2023-01-22 04:15:00,54.067207407455975
2023-01-22 04:30:00,54.067207407455975
2023-01-22 04:45:00,54.067207407455975
2023-01-22 05:00:00,111.85268521296024
2023-01-22 05:15:00,111.85268521296024
2023-01-22 05:30:00,111.85268521296024
2023-01-22 05:45:00,111.85268521296024
2023-01-22 06:00:00,91.4997185442703
2023-01-22 06:15:00,91.4997185442703
2023-01-22 06:30:00,91.4997185442703
2023-01-22 06:45:00,91.4997185442703
2023-01-22 07:00:00,30.353874580779934
2023-01-22 07:15:00,30.353874580779934
2023-01-22 07:30:00,30.353874580779934
2023-01-22 07:45:00,30.353874580779934
2023-01-22 08:00:00,138.3645346340014
2023-01-22 08:15:00,138.3645346340014
2023-01-22 08:30:00,138.3645346340014
2023-01-22 08:45:00,138.3645346340014
2023-01-22 09:00:00,74.91028943870315
2023-01-22 09:15:00,74.91028943870315
2023-01-22 09:30:00,74.91028943870315
2023-01-22 09:45:00,74.91028943870315
2023-01-22 10:00:00,184.43853500509485
2023-01-22 10:15:00,184.43853500509485
2023-01-22 10:30:00,184.43853500509485
2023-01-22 10:45:00,184.43853500509485
2023-01-22 11:00:00,155.22083423796332
2023-01-22 11:15:00,155.22083423796332
2023-01-22 11:30:00,155.22083423796332
2023-01-22 11:45:00,155.22083423796332
2023-01-22 12:00:00,553.094976143441
2023-01-22 12:15:00,553.094976143441
2023-01-22 12:30:00,553.094976143441
2023-01-22 12:45:00,553.094976143441
2023-01-22 13:00:00,213.6403538560159
2023-01-22 13:15:00,213.6403538560159
2023-01-22 13:30:00,213.6403538560159
2023-01-22 13:45:00,213.6403538560159
2023-01-22 14:00:00,881.8091400986863
2023-01-22 14:15:00,881.8091400986863
2023-01-22 14:30:00,881.8091400986863
2023-01-22 14:45:00,881.8091400986863
2023-01-22 15:00:00,386.7251612013487
2023-01-22 15:15:00,386.7251612013487
2023-01-22 15:30:00,386.7251612013487
2023-01-22 15:45:00,386.7251612013487
2023-01-22 16:00:00,247.5458214114556
2023-01-22 16:15:00,247.5458214114556
2023-01-22 16:30:00,247.5458214114556
2023-01-22 16:45:00,247.5458214114556
2023-01-22 17:00:00,798.4778687665829
2023-01-22 17:15:00,798.4778687665829
2023-01-22 17:30:00,798.4778687665829
2023-01-22 17:45:00,798.4778687665829
2023-01-22 18:00:00,952.0001701367162
2023-01-22 18:15:00,952.0001701367162
2023-01-22 18:30:00,952.0001701367162
2023-01-22 18:45:00,952.0001701367162
2023-01-22 19:00:00,447.849207630772
2023-01-22 19:15:00,447.849207630772
2023-01-22 19:30:00,447.849207630772
2023-01-22 19:45:00,447.849207630772
2023-01-22 20:00:00,201.72907400393973
2023-01-22 20:15:00,201.72907400393973
2023-01-22 20:30:00,201.72907400393973
2023-01-22 20:45:00,201.72907400393973
2023-01-22 21:00:00,161.8495518639701
2023-01-22 21:15:00,161.8495518639701
2023-01-22 21:30:00,161.8495518639701
2023-01-22 21:45:00,161.8495518639701
2023-01-22 22:00:00,165.92456400697614
2023-01-22 22:15:00,165.92456400697614
2023-01-22 22:30:00,165.92456400697614
2023-01-22 22:45:00,165.92456400697614
2023-01-22 23:00:00,54.35625683351251
2023-01-22 23:15:00,54.35625683351251
2023-01-22 23:30:00,54.35625683351251
2023-01-22 23:45:00,54.35625683351251
2023-01-23 00:00:00,43.16308676526345
2023-01-23 00:15:00,43.16308676526345
2023-01-23 00:30:00,43.16308676526345
2023-01-23 00:45:00,43.16308676526345
2023-01-23 01:00:00,98.56175141497675
2023-01-23 01:15:00,98.56175141497675
2023-01-23 01:30:00,98.56175141497675
2023-01-23 01:45:00,98.56175141497675
2023-01-23 02:00:00,32.62793540746727
2023-01-23 02:15:00,32.62793540746727
2023-01-23 02:30:00,32.62793540746727
2023-01-23 02:45:00,32.62793540746727
2023-01-23 03:00:00,37.69252509208678
2023-01-23 03:15:00,37.69252509208678
2023-01-23 03:30:00,37.69252509208678
2023-01-23 03:45:00,37.69252509208678
2023-01-23 04:00:00,43.29192413051794
2023-01-23 04:15:00,43.29192413051794
2023-01-23 04:30:00,43.29192413051794
2023-01-23 04:45:00,43.29192413051794
2023-01-23 05:00:00,114.5573501237716
2023-01-23 05:15:00,114.5573501237716
2023-01-23 05:30:00,114.5573501237716
2023-01-23 05:45:00,114.5573501237716
2023-01-23 06:00:00,112.73773661252578
2023-01-23 06:15:00,112.73773661252578
2023-01-23 06:30:00,112.73773661252578
2023-01-23 06:45:00,112.73773661252578
2023-01-23 07:00:00,48.1122726844253
2023-01-23 07:15:00,48.1122726844253
2023-01-23 07:30:00,48.1122726844253
2023-01-23 07:45:00,48.1122726844253
2023-01-23 08:00:00,103.38537620777832
2023-01-23 08:15:00,103.38537620777832
2023-01-23 08:30:00,103.38537620777832
2023-01-23 08:45:00,103.38537620777832
2023-01-23 09:00:00,91.29905855528852
2023-01-23 09:15:00,91.29905855528852
2023-01-23 09:30:00,91.29905855528852
2023-01-23 09:45:00,91.29905855528852
2023-01-23 10:00:00,196.8799841297497
2023-01-23 10:15:00,196.8799841297497
2023-01-23 10:30:00,196.8799841297497
2023-01-23 10:45:00,196.8799841297497
2023-01-23 11:00:00,152.49105235904662
2023-01-23 11:15:00,152.49105235904662
2023-01-23 11:30:00,152.49105235904662
2023-01-23 11:45:00,152.49105235904662
2023-01-23 12:00:00,164.07726302230253
2023-01-23 12:15:00,164.07726302230253
2023-01-23 12:30:00,164.07726302230253
2023-01-23 12:45:00,164.07726302230253
2023-01-23 13:00:00,148.8609842401111
2023-01-23 13:15:00,148.8609842401111
2023-01-23 13:30:00,148.8609842401111
2023-01-23 13:45:00,148.8609842401111
2023-01-23 14:00:00,878.6386265053511
2023-01-23 14:15:00,878.6386265053511
2023-01-23 14:30:00,878.6386265053511
2023-01-23 14:45:00,878.6386265053511
2023-01-23 15:00:00,963.1459320904312
2023-01-23 15:15:00,963.1459320904312
2023-01-23 15:30:00,963.1459320904312
2023-01-23 15:45:00,963.1459320904312
2023-01-23 16:00:00,957.9619275519316
2023-01-23 16:15:00,957.9619275519316
2023-01-23 16:30:00,957.9619275519316
2023-01-23 16:45:00,957.9619275519316
2023-01-23 17:00:00,405.0193477921045
2023-01-23 17:15:00,405.0193477921045
2023-01-23 17:30:00,405.0193477921045
2023-01-23 17:45:00,405.0193477921045
2023-01-23 18:00:00,729.5605155178666
2023-01-23 18:15:00,729.5605155178666
2023-01-23 18:30:00,729.5605155178666
2023-01-23 18:45:00,729.5605155178666
2023-01-23 19:00:00,228.12895813577768
2023-01-23 19:15:00,228.12895813577768
2023-01-23 19:30:00,228.12895813577768
2023-01-23 19:45:00,228.12895813577768
2023-01-23 20:00:00,189.65111959187797
2023-01-23 20:15:00,189.65111959187797
2023-01-23 20:30:00,189.65111959187797
2023-01-23 20:45:00,189.65111959187797
2023-01-23 21:00:00,175.89933253291554
2023-01-23 21:15:00,175.89933253291554
2023-01-23 21:30:00,175.89933253291554
2023-01-23 21:45:00,175.89933253291554
2023-01-23 22:00:00,102.82181542747652
2023-01-23 22:15:00,102.82181542747652
2023-01-23 22:30:00,102.82181542747652
2023-01-23 22:45:00,102.82181542747652
2023-01-23 23:00:00,76.15629410998473
2023-01-23 23:15:00,76.15629410998473
2023-01-23 23:30:00,76.15629410998473
2023-01-23 23:45:00,76.15629410998473
2023-01-24 00:00:00,90.93522613256594
2023-01-24 00:15:00,90.93522613256594
2023-01-24 00:30:00,90.93522613256594
2023-01-24 00:45:00,90.93522613256594
2023-01-24 01:00:00,37.0779540251301
2023-01-24 01:15:00,37.0779540251301
2023-01-24 01:30:00,37.0779540251301
2023-01-24 01:45:00,37.0779540251301
2023-01-24 02:00:00,59.075588878246414
2023-01-24 02:15:00,59.075588878246414
2023-01-24 02:30:00,59.075588878246414
2023-01-24 02:45:00,59.075588878246414
2023-01-24 03:00:00,69.45055584786871
2023-01-24 03:15:00,69.45055584786871
2023-01-24 03:30:00,69.45055584786871
2023-01-24 03:45:00,69.45055584786871
2023-01-24 04:00:00,84.82648703109447
2023-01-24 04:15:00,84.82648703109447
2023-01-24 04:30:00,84.82648703109447
2023-01-24 04:45:00,84.82648703109447
2023-01-24 05:00:00,131.9718082635181
2023-01-24 05:15:00,131.9718082635181
2023-01-24 05:30:00,131.9718082635181
2023-01-24 05:45:00,131.9718082635181
2023-01-24 06:00:00,95.11994842328323
2023-01-24 06:15:00,95.11994842328323
2023-01-24 06:30:00,95.11994842328323
2023-01-24 06:45:00,95.11994842328323
2023-01-24 07:00:00,74.75212539265912
2023-01-24 07:15:00,74.75212539265912
2023-01-24 07:30:00,74.75212539265912
2023-01-24 07:45:00,74.75212539265912
2023-01-24 08:00:00,226.8666365157436
2023-01-24 08:15:00,226.8666365157436
2023-01-24 08:30:00,226.8666365157436
2023-01-24 08:45:00,226.8666365157436
2023-01-24 09:00:00,895.0018364044297
2023-01-24 09:15:00,895.0018364044297
2023-01-24 09:30:00,895.0018364044297
2023-01-24 09:45:00,895.0018364044297
2023-01-24 10:00:00,976.0033152452884
2023-01-24 10:15:00,976.0033152452884
2023-01-24 10:30:00,976.0033152452884
2023-01-24 10:45:00,976.0033152452884
2023-01-24 11:00:00,666.1897083209396
2023-01-24 11:15:00,666.1897083209396
2023-01-24 11:30:00,666.1897083209396
2023-01-24 11:45:00,666.1897083209396
2023-01-24 12:00:00,193.88693094782693
2023-01-24 12:15:00,193.88693094782693
2023-01-24 12:30:00,193.88693094782693
2023-01-24 12:45:00,193.88693094782693
2023-01-24 13:00:00,158.62876303970558
2023-01-24 13:15:00,158.62876303970558
2023-01-24 13:30:00,158.62876303970558
2023-01-24 13:45:00,158.62876303970558
2023-01-24 14:00:00,862.6686302067235
2023-01-24 14:15:00,862.6686302067235
2023-01-24 14:30:00,862.6686302067235
2023-01-24 14:45:00,862.6686302067235
2023-01-24 15:00:00,467.9419183420434
2023-01-24 15:15:00,467.9419183420434
2023-01-24 15:30:00,467.9419183420434
2023-01-24 15:45:00,467.9419183420434
2023-01-24 16:00:00,238.7690011266416
2023-01-24 16:15:00,238.7690011266416
2023-01-24 16:30:00,238.7690011266416
2023-01-24 16:45:00,238.7690011266416
2023-01-24 17:00:00,237.98991366652172
2023-01-24 17:15:00,237.98991366652172
2023-01-24 17:30:00,237.98991366652172
2023-01-24 17:45:00,237.98991366652172
2023-01-24 18:00:00,183.16765868567452
2023-01-24 18:15:00,183.16765868567452
2023-01-24 18:30:00,183.16765868567452
2023-01-24 18:45:00,183.16765868567452
2023-01-24 19:00:00,238.03679301435855
2023-01-24 19:15:00,238.03679301435855
2023-01-24 19:30:00,238.03679301435855
2023-01-24 19:45:00,238.03679301435855
2023-01-24 20:00:00,235.9579475074232
2023-01-24 20:15:00,235.9579475074232
2023-01-24 20:30:00,235.9579475074232
2023-01-24 20:45:00,235.9579475074232
2023-01-24 21:00:00,125.76194471563304
2023-01-24 21:15:00,125.76194471563304
2023-01-24 21:30:00,125.76194471563304
2023-01-24 21:45:00,125.76194471563304
2023-01-24 22:00:00,142.44737061637602
2023-01-24 22:15:00,142.44737061637602
2023-01-24 22:30:00,142.44737061637602
2023-01-24 22:45:00,142.44737061637602
2023-01-24 23:00:00,61.54016681844477
2023-01-24 23:15:00,61.54016681844477
2023-01-24 23:30:00,61.54016681844477
2023-01-24 23:45:00,61.54016681844477
